id,sampleSet,xMetres,zMetres,eastingMetres,northingMetres,runtimeHeightMetres,threeDepInspectedHeightMetres,threeDepEligible,threeDepReason,elevationBuilderBoundary0QueryPointLand,elevationBuilderBoundary0AllFour3depNeighbourCentersLand,elevationBuilderBoundary0LandMask,rawRuntimeMinus3depMetres
hero-launch,named,2173,1831.4,553291.6218547411,4183194.233967997,0,3.1702348722295213,true,four-finite-non-nodata-pixelisarea-neighbours,true,true,land,-3.1702348722295213
ferry-clock-tower,named,2281.5306,1936.6459,553399.5372390331,4183300.541375602,-0.42664363865624155,3.46977231946186,true,four-finite-non-nodata-pixelisarea-neighbours,true,true,land,-3.8964159581181015
ferry-building-centroid,named,2290.3,1937.6,553408.3059635609,4183301.555652713,-0.5011718649922485,3.4484949793804596,true,four-finite-non-nodata-pixelisarea-neighbours,true,true,land,-3.9496668443727083
hero-streetscape-road-26769726-midpoint,named,2346.4,1846.1,553465.0377462988,4183210.1091469233,-0.6409598475830368,3.3311434712145545,true,four-finite-non-nodata-pixelisarea-neighbours,true,true,land,-3.972103318797591
hero-streetscape-road-88463826-midpoint,named,2305.25,1826.45,553423.9892833456,4183190.1250096196,-0.058222511170545374,3.3751920247910565,true,four-finite-non-nodata-pixelisarea-neighbours,true,true,land,-3.4334145359616017
hero-streetscape-road-88463827-midpoint,named,2373.2,1720.1,553492.6765872475,4183083.8552061226,-0.6796688204892511,2.840021829395919,true,four-finite-non-nodata-pixelisarea-neighbours,true,true,land,-3.5196906498851703
hero-streetscape-road-88463831-midpoint,named,2331.05,1712,553450.5516370144,4183075.4536910336,-0.07024487196364967,2.932710792778943,true,four-finite-non-nodata-pixelisarea-neighbours,true,true,land,-3.0029556647425926
hero-streetscape-road-283512618-midpoint,named,2216.95,1885.65,553335.2474389395,4183248.953177308,0,3.1751093126276393,true,four-finite-non-nodata-pixelisarea-neighbours,true,true,land,-3.1751093126276393
hero-streetscape-road-850162147-midpoint,named,2241.45,1908.9,553359.6118198206,4183272.441083376,-0.07102614723515331,3.011054937271374,true,four-finite-non-nodata-pixelisarea-neighbours,true,true,land,-3.082081084506527
shoreline-land-probe,named,2380,1880,553498.4382446869,4183244.3428110974,-0.5154250931526008,3.4096007874400796,true,four-finite-non-nodata-pixelisarea-neighbours,true,true,land,-3.9250258805926803
bay-water-probe,named,2400,1880,553518.4510110711,4183244.472912262,-0.2745588858798417,-1.0700000524520874,true,four-finite-non-nodata-pixelisarea-neighbours,false,false,water-or-outside,0.7954411665722457
canonical-24m-0-0,canonical-24m-2x2,1920,1536,553040.3687859398,4182896.195045079,-0.3761911832390564,4.004464267909672,true,four-finite-non-nodata-pixelisarea-neighbours,true,true,land,-4.380655451148728
canonical-24m-1-0,canonical-24m-2x2,1944,1536,553064.385106961,4182896.349824848,-0.21799858321015475,0.7840240317754807,true,four-finite-non-nodata-pixelisarea-neighbours,true,true,land,-1.0020226149856355
canonical-24m-2-0,canonical-24m-2x2,1968,1536,553088.4014282847,4182896.5046746912,-0.04929684315517614,3.561118859956247,true,four-finite-non-nodata-pixelisarea-neighbours,true,true,land,-3.6104157031114235
canonical-24m-3-0,canonical-24m-2x2,1992,1536,553112.4177499111,4182896.6595946085,0,3.8233265820344484,true,four-finite-non-nodata-pixelisarea-neighbours,true,true,land,-3.8233265820344484
canonical-24m-4-0,canonical-24m-2x2,2016,1536,553136.4340718403,4182896.8145845993,0,3.8236593787821276,true,four-finite-non-nodata-pixelisarea-neighbours,true,true,land,-3.8236593787821276
canonical-24m-5-0,canonical-24m-2x2,2040,1536,553160.4503940725,4182896.969644664,0,4.2266104293589635,true,four-finite-non-nodata-pixelisarea-neighbours,true,true,land,-4.2266104293589635
canonical-24m-6-0,canonical-24m-2x2,2064,1536,553184.4667166077,4182897.124774803,0,3.9367804725411544,true,four-finite-non-nodata-pixelisarea-neighbours,true,true,land,-3.9367804725411544
canonical-24m-7-0,canonical-24m-2x2,2088,1536,553208.4830394462,4182897.2799750157,0,3.2347715578090375,true,four-finite-non-nodata-pixelisarea-neighbours,true,true,land,-3.2347715578090375
canonical-24m-8-0,canonical-24m-2x2,2112,1536,553232.4993625857,4182897.435245302,0,3.674994497039748,true,four-finite-non-nodata-pixelisarea-neighbours,true,true,land,-3.674994497039748
canonical-24m-9-0,canonical-24m-2x2,2136,1536,553256.515686031,4182897.5905856625,0,3.3524917607419997,true,four-finite-non-nodata-pixelisarea-neighbours,true,true,land,-3.3524917607419997
canonical-24m-10-0,canonical-24m-2x2,2160,1536,553280.5320097799,4182897.745996097,0,3.454332053834679,true,four-finite-non-nodata-pixelisarea-neighbours,true,true,land,-3.454332053834679
canonical-24m-11-0,canonical-24m-2x2,2184,1536,553304.5483338326,4182897.9014766053,0,3.151379786338854,true,four-finite-non-nodata-pixelisarea-neighbours,true,true,land,-3.151379786338854
canonical-24m-12-0,canonical-24m-2x2,2208,1536,553328.5646581915,4182898.057027188,0,3.4415709862277177,true,four-finite-non-nodata-pixelisarea-neighbours,true,true,land,-3.4415709862277177
canonical-24m-13-0,canonical-24m-2x2,2232,1536,553352.5809828499,4182898.2126478446,0,3.500108721536126,true,four-finite-non-nodata-pixelisarea-neighbours,true,true,land,-3.500108721536126
canonical-24m-14-0,canonical-24m-2x2,2256,1536,553376.5973078148,4182898.3683385747,0,3.3729886059144674,true,four-finite-non-nodata-pixelisarea-neighbours,true,true,land,-3.3729886059144674
canonical-24m-15-0,canonical-24m-2x2,2280,1536,553400.6136330839,4182898.5240993793,0,3.234343856680894,true,four-finite-non-nodata-pixelisarea-neighbours,true,true,land,-3.234343856680894
canonical-24m-16-0,canonical-24m-2x2,2304,1536,553424.6299586574,4182898.679930258,0,3.213724725445675,true,four-finite-non-nodata-pixelisarea-neighbours,true,true,land,-3.213724725445675
canonical-24m-17-0,canonical-24m-2x2,2328,1536,553448.6462845356,4182898.835831211,0,3.921453405172615,true,four-finite-non-nodata-pixelisarea-neighbours,true,true,land,-3.921453405172615
canonical-24m-18-0,canonical-24m-2x2,2352,1536,553472.6626107185,4182898.991802237,0,4.017620842926993,true,four-finite-non-nodata-pixelisarea-neighbours,true,true,land,-4.017620842926993
canonical-24m-19-0,canonical-24m-2x2,2376,1536,553496.6789372064,4182899.1478433376,0,4.268386221650374,true,four-finite-non-nodata-pixelisarea-neighbours,true,true,land,-4.268386221650374
canonical-24m-20-0,canonical-24m-2x2,2400,1536,553520.6952639992,4182899.3039545123,0,3.506693796034421,true,four-finite-non-nodata-pixelisarea-neighbours,true,true,land,-3.506693796034421
canonical-24m-21-0,canonical-24m-2x2,2424,1536,553544.7115910971,4182899.4601357607,-0.016381814133055013,3.333359064283073,true,four-finite-non-nodata-pixelisarea-neighbours,true,true,land,-3.349740878416128
canonical-24m-22-0,canonical-24m-2x2,2448,1536,553568.7279185002,4182899.616387084,-0.3855378393929053,3.1867667413632104,true,four-finite-non-nodata-pixelisarea-neighbours,true,true,land,-3.5723045807561156
canonical-24m-23-0,canonical-24m-2x2,2472,1536,553592.7442462066,4182899.7727084807,-1.1374472765974,3.36209088502765,true,four-finite-non-nodata-pixelisarea-neighbours,true,true,land,-4.4995381616250505
canonical-24m-24-0,canonical-24m-2x2,2496,1536,553616.7605742207,4182899.929099952,-1.7958281071382247,3.0732012607173314,true,four-finite-non-nodata-pixelisarea-neighbours,true,true,land,-4.869029367855556
canonical-24m-25-0,canonical-24m-2x2,2520,1536,553640.7769025406,4182900.085561497,-2.037736273440147,-1.351375492698164,true,four-finite-non-nodata-pixelisarea-neighbours,true,true,land,-0.6863607807419831
canonical-24m-26-0,canonical-24m-2x2,2544,1536,553664.7932311662,4182900.242093116,-1.7835499355977844,2.913321760244091,true,four-finite-non-nodata-pixelisarea-neighbours,true,true,land,-4.6968716958418755
canonical-24m-27-0,canonical-24m-2x2,2568,1536,553688.8095600978,4182900.3986948095,-1.4584011609575516,3.5382924142730343,true,four-finite-non-nodata-pixelisarea-neighbours,true,true,land,-4.996693575230585
canonical-24m-28-0,canonical-24m-2x2,2592,1536,553712.8258893355,4182900.555366577,-1.0039604237202582,3.1282941769450554,true,four-finite-non-nodata-pixelisarea-neighbours,true,true,land,-4.132254600665314
canonical-24m-29-0,canonical-24m-2x2,2616,1536,553736.8422188794,4182900.712108419,-0.5522405817709647,-1.0700000524520874,true,four-finite-non-nodata-pixelisarea-neighbours,false,false,water-or-outside,0.5177594706811227
canonical-24m-30-0,canonical-24m-2x2,2640,1536,553760.8585487297,4182900.8689203346,-0.2383756398017596,-1.0700000524520874,true,four-finite-non-nodata-pixelisarea-neighbours,false,false,water-or-outside,0.8316244126503278
canonical-24m-31-0,canonical-24m-2x2,2664,1536,553784.8748788865,4182901.0258023245,-0.05057504553147433,-1.0700000524520874,true,four-finite-non-nodata-pixelisarea-neighbours,false,false,water-or-outside,1.019425006920613
canonical-24m-32-0,canonical-24m-2x2,2688,1536,553808.89120935,4182901.1827543885,0,-1.0700000524520874,true,four-finite-non-nodata-pixelisarea-neighbours,false,false,water-or-outside,1.0700000524520874
canonical-24m-0-1,canonical-24m-2x2,1920,1560,553040.2136205803,4182920.276588316,-0.10041816312957096,3.896351726062182,true,four-finite-non-nodata-pixelisarea-neighbours,true,true,land,-3.996769889191753
canonical-24m-1-1,canonical-24m-2x2,1944,1560,553064.2298713371,4182920.4313683882,-0.08353765105745765,3.73367378873587,true,four-finite-non-nodata-pixelisarea-neighbours,true,true,land,-3.8172114397933274
canonical-24m-2-1,canonical-24m-2x2,1968,1560,553088.2461223964,4182920.586218535,-0.02288577781954884,3.7772833334928855,true,four-finite-non-nodata-pixelisarea-neighbours,true,true,land,-3.8001691113124343
canonical-24m-3-1,canonical-24m-2x2,1992,1560,553112.2623737585,4182920.7411387553,0,3.8111645310273548,true,four-finite-non-nodata-pixelisarea-neighbours,true,true,land,-3.8111645310273548
canonical-24m-4-1,canonical-24m-2x2,2016,1560,553136.2786254233,4182920.8961290503,0,3.7584556273518137,true,four-finite-non-nodata-pixelisarea-neighbours,true,true,land,-3.7584556273518137
canonical-24m-5-1,canonical-24m-2x2,2040,1560,553160.2948773911,4182921.051189419,0,3.8479207010927046,true,four-finite-non-nodata-pixelisarea-neighbours,true,true,land,-3.8479207010927046
canonical-24m-6-1,canonical-24m-2x2,2064,1560,553184.3111296619,4182921.2063198616,0,3.261222792226339,true,four-finite-non-nodata-pixelisarea-neighbours,true,true,land,-3.261222792226339
canonical-24m-7-1,canonical-24m-2x2,2088,1560,553208.3273822359,4182921.3615203784,0,1.834865816616828,true,four-finite-non-nodata-pixelisarea-neighbours,true,true,land,-1.834865816616828
canonical-24m-8-1,canonical-24m-2x2,2112,1560,553232.3436351111,4182921.516790969,0,3.33447647995522,true,four-finite-non-nodata-pixelisarea-neighbours,true,true,land,-3.33447647995522
canonical-24m-9-1,canonical-24m-2x2,2136,1560,553256.3598882919,4182921.672131634,0,3.1471111269080976,true,four-finite-non-nodata-pixelisarea-neighbours,true,true,land,-3.1471111269080976
canonical-24m-10-1,canonical-24m-2x2,2160,1560,553280.3761417764,4182921.827542373,0,3.3622796697387285,true,four-finite-non-nodata-pixelisarea-neighbours,true,true,land,-3.3622796697387285
canonical-24m-11-1,canonical-24m-2x2,2184,1560,553304.3923955647,4182921.9830231867,0,3.392254906110716,true,four-finite-non-nodata-pixelisarea-neighbours,true,true,land,-3.392254906110716
canonical-24m-12-1,canonical-24m-2x2,2208,1560,553328.408649659,4182922.1385740736,0,3.529639799732119,true,four-finite-non-nodata-pixelisarea-neighbours,true,true,land,-3.529639799732119
canonical-24m-13-1,canonical-24m-2x2,2232,1560,553352.424904053,4182922.294195035,0,3.465761219243895,true,four-finite-non-nodata-pixelisarea-neighbours,true,true,land,-3.465761219243895
canonical-24m-14-1,canonical-24m-2x2,2256,1560,553376.4411587534,4182922.4498860706,0,3.3685215286149686,true,four-finite-non-nodata-pixelisarea-neighbours,true,true,land,-3.3685215286149686
canonical-24m-15-1,canonical-24m-2x2,2280,1560,553400.457413758,4182922.60564718,0,3.1957355583805738,true,four-finite-non-nodata-pixelisarea-neighbours,true,true,land,-3.1957355583805738
canonical-24m-16-1,canonical-24m-2x2,2304,1560,553424.4736690671,4182922.761478364,0,3.613233350101513,true,four-finite-non-nodata-pixelisarea-neighbours,true,true,land,-3.613233350101513
canonical-24m-17-1,canonical-24m-2x2,2328,1560,553448.4899246808,4182922.917379622,0,4.332685616112023,true,four-finite-non-nodata-pixelisarea-neighbours,true,true,land,-4.332685616112023
canonical-24m-18-1,canonical-24m-2x2,2352,1560,553472.5061805992,4182923.073350954,0,4.3169900556949425,true,four-finite-non-nodata-pixelisarea-neighbours,true,true,land,-4.3169900556949425
canonical-24m-19-1,canonical-24m-2x2,2376,1560,553496.5224368224,4182923.2293923604,0,4.14972221083005,true,four-finite-non-nodata-pixelisarea-neighbours,true,true,land,-4.14972221083005
canonical-24m-20-1,canonical-24m-2x2,2400,1560,553520.5386933506,4182923.385503841,0,3.591035334925232,true,four-finite-non-nodata-pixelisarea-neighbours,true,true,land,-3.591035334925232
canonical-24m-21-1,canonical-24m-2x2,2424,1560,553544.554950184,4182923.541685396,-0.010805545911777932,3.2449425280218698,true,four-finite-non-nodata-pixelisarea-neighbours,true,true,land,-3.2557480739336477
canonical-24m-22-1,canonical-24m-2x2,2448,1560,553568.5712073226,4182923.6979370248,-0.2555159703185511,3.3448208298306485,true,four-finite-non-nodata-pixelisarea-neighbours,true,true,land,-3.6003368001491998
canonical-24m-23-1,canonical-24m-2x2,2472,1560,553592.5874647644,4182923.8542587277,-0.9144849078018664,3.122131977394335,true,four-finite-non-nodata-pixelisarea-neighbours,true,true,land,-4.036616885196201
canonical-24m-24-1,canonical-24m-2x2,2496,1560,553616.603722514,4182924.0106505053,-1.4953222442115817,3.218153490786457,true,four-finite-non-nodata-pixelisarea-neighbours,true,true,land,-4.713475734998038
canonical-24m-25-1,canonical-24m-2x2,2520,1560,553640.6199805692,4182924.1671123574,-1.8039533838704924,3.141150007628475,true,four-finite-non-nodata-pixelisarea-neighbours,true,true,land,-4.945103391498967
canonical-24m-26-1,canonical-24m-2x2,2544,1560,553664.6362389303,4182924.323644283,-1.474577374071904,3.1982921807013773,true,four-finite-non-nodata-pixelisarea-neighbours,true,true,land,-4.672869554773281
canonical-24m-27-1,canonical-24m-2x2,2568,1560,553688.6524975973,4182924.4802462836,-1.0039604237202866,3.095855406569694,true,four-finite-non-nodata-pixelisarea-neighbours,true,true,land,-4.09981583028998
canonical-24m-28-1,canonical-24m-2x2,2592,1560,553712.6687565703,4182924.636918358,-0.5479924575399203,-1.0700000524520874,true,four-finite-non-nodata-pixelisarea-neighbours,false,false,water-or-outside,0.5220075949121671
canonical-24m-29-1,canonical-24m-2x2,2616,1560,553736.6850158497,4182924.7936605066,-0.2363807709742316,-1.0700000524520874,true,four-finite-non-nodata-pixelisarea-neighbours,false,false,water-or-outside,0.8336192814778558
canonical-24m-30-1,canonical-24m-2x2,2640,1560,553760.7012754353,4182924.9504727297,-0.046843694452415485,-1.0700000524520874,true,four-finite-non-nodata-pixelisarea-neighbours,false,false,water-or-outside,1.0231563579996719
canonical-24m-31-1,canonical-24m-2x2,2664,1560,553784.7175353274,4182925.107355027,0,-1.0700000524520874,true,four-finite-non-nodata-pixelisarea-neighbours,false,false,water-or-outside,1.0700000524520874
canonical-24m-32-1,canonical-24m-2x2,2688,1560,553808.7337955262,4182925.264307399,0,-1.0700000524520874,true,four-finite-non-nodata-pixelisarea-neighbours,false,false,water-or-outside,1.0700000524520874
canonical-24m-0-2,canonical-24m-2x2,1920,1584,553040.0584544571,4182944.3581324327,0,3.831456746828427,true,four-finite-non-nodata-pixelisarea-neighbours,true,true,land,-3.831456746828427
canonical-24m-1-2,canonical-24m-2x2,1944,1584,553064.0746349492,4182944.512912808,0,3.7013255448507048,true,four-finite-non-nodata-pixelisarea-neighbours,true,true,land,-3.7013255448507048
canonical-24m-2-2,canonical-24m-2x2,1968,1584,553088.0908157438,4182944.6677632583,0,3.7478444371496495,true,four-finite-non-nodata-pixelisarea-neighbours,true,true,land,-3.7478444371496495
canonical-24m-3-2,canonical-24m-2x2,1992,1584,553112.1069968411,4182944.822683783,0,3.6822337215673944,true,four-finite-non-nodata-pixelisarea-neighbours,true,true,land,-3.6822337215673944
canonical-24m-4-2,canonical-24m-2x2,2016,1584,553136.1231782412,4182944.977674381,0,3.73544531219798,true,four-finite-non-nodata-pixelisarea-neighbours,true,true,land,-3.73544531219798
canonical-24m-5-2,canonical-24m-2x2,2040,1584,553160.1393599443,4182945.132735053,0,3.5424687467743996,true,four-finite-non-nodata-pixelisarea-neighbours,true,true,land,-3.5424687467743996
canonical-24m-6-2,canonical-24m-2x2,2064,1584,553184.1555419504,4182945.2878658003,0,3.7786001779225424,true,four-finite-non-nodata-pixelisarea-neighbours,true,true,land,-3.7786001779225424
canonical-24m-7-2,canonical-24m-2x2,2088,1584,553208.1717242596,4182945.4430666207,0,3.349225263574805,true,four-finite-non-nodata-pixelisarea-neighbours,true,true,land,-3.349225263574805
canonical-24m-8-2,canonical-24m-2x2,2112,1584,553232.1879068699,4182945.598337516,0,3.239925329626563,true,four-finite-non-nodata-pixelisarea-neighbours,true,true,land,-3.239925329626563
canonical-24m-9-2,canonical-24m-2x2,2136,1584,553256.204089786,4182945.753678485,0,3.3296852933057206,true,four-finite-non-nodata-pixelisarea-neighbours,true,true,land,-3.3296852933057206
canonical-24m-10-2,canonical-24m-2x2,2160,1584,553280.2202730058,4182945.909089529,0,3.677397242771324,true,four-finite-non-nodata-pixelisarea-neighbours,true,true,land,-3.677397242771324
canonical-24m-11-2,canonical-24m-2x2,2184,1584,553304.2364565292,4182946.0645706463,0,3.5023585699806397,true,four-finite-non-nodata-pixelisarea-neighbours,true,true,land,-3.5023585699806397
canonical-24m-12-2,canonical-24m-2x2,2208,1584,553328.2526403588,4182946.2201218386,0,3.313917925048062,true,four-finite-non-nodata-pixelisarea-neighbours,true,true,land,-3.313917925048062
canonical-24m-13-2,canonical-24m-2x2,2232,1584,553352.2688244879,4182946.3757431046,0,3.2688878627875044,true,four-finite-non-nodata-pixelisarea-neighbours,true,true,land,-3.2688878627875044
canonical-24m-14-2,canonical-24m-2x2,2256,1584,553376.2850089235,4182946.5314344456,0,3.213196012812324,true,four-finite-non-nodata-pixelisarea-neighbours,true,true,land,-3.213196012812324
canonical-24m-15-2,canonical-24m-2x2,2280,1584,553400.3011936633,4182946.6871958603,0,3.601764286191959,true,four-finite-non-nodata-pixelisarea-neighbours,true,true,land,-3.601764286191959
canonical-24m-16-2,canonical-24m-2x2,2304,1584,553424.3173787075,4182946.8430273496,0,4.026279227478553,true,four-finite-non-nodata-pixelisarea-neighbours,true,true,land,-4.026279227478553
canonical-24m-17-2,canonical-24m-2x2,2328,1584,553448.3335640563,4182946.998928913,0,4.338379038279701,true,four-finite-non-nodata-pixelisarea-neighbours,true,true,land,-4.338379038279701
canonical-24m-18-2,canonical-24m-2x2,2352,1584,553472.3497497098,4182947.154900551,0,4.348216995948937,true,four-finite-non-nodata-pixelisarea-neighbours,true,true,land,-4.348216995948937
canonical-24m-19-2,canonical-24m-2x2,2376,1584,553496.3659356682,4182947.310942263,0,3.7566011263103487,true,four-finite-non-nodata-pixelisarea-neighbours,true,true,land,-3.7566011263103487
canonical-24m-20-2,canonical-24m-2x2,2400,1584,553520.3821219315,4182947.4670540495,0,3.2093657657793013,true,four-finite-non-nodata-pixelisarea-neighbours,true,true,land,-3.2093657657793013
canonical-24m-21-2,canonical-24m-2x2,2424,1584,553544.3983085001,4182947.62323591,-0.0005548228308366218,3.3568622115598346,true,four-finite-non-nodata-pixelisarea-neighbours,true,true,land,-3.357417034390671
canonical-24m-22-2,canonical-24m-2x2,2448,1584,553568.4144953737,4182947.7794878455,-0.017079501332636356,3.303773566830243,true,four-finite-non-nodata-pixelisarea-neighbours,true,true,land,-3.320853068162879
canonical-24m-23-2,canonical-24m-2x2,2472,1584,553592.4306825507,4182947.935809855,-0.583107939094767,2.8347694718096506,true,four-finite-non-nodata-pixelisarea-neighbours,true,true,land,-3.4178774109044174
canonical-24m-24-2,canonical-24m-2x2,2496,1584,553616.4468700353,4182948.0922019384,-1.1250658506070905,3.1899793823512104,true,four-finite-non-nodata-pixelisarea-neighbours,true,true,land,-4.315045232958301
canonical-24m-25-2,canonical-24m-2x2,2520,1584,553640.4630578256,4182948.248664097,-1.4080532881568657,2.8875322415639504,true,four-finite-non-nodata-pixelisarea-neighbours,true,true,land,-4.295585529720816
canonical-24m-26-2,canonical-24m-2x2,2544,1584,553664.4792459217,4182948.4051963296,-1.0039604237202582,3.0110786864254693,true,four-finite-non-nodata-pixelisarea-neighbours,true,true,land,-4.015039110145727
canonical-24m-27-2,canonical-24m-2x2,2568,1584,553688.4954343237,4182948.5617986363,-0.5432275601569075,-1.0700000524520874,true,four-finite-non-nodata-pixelisarea-neighbours,false,false,water-or-outside,0.5267724922951799
canonical-24m-28-2,canonical-24m-2x2,2592,1584,553712.5116230318,4182948.718471018,-0.23412751557070272,-1.0700000524520874,true,four-finite-non-nodata-pixelisarea-neighbours,false,false,water-or-outside,0.8358725368813846
canonical-24m-29-2,canonical-24m-2x2,2616,1584,553736.5278120462,4182948.875213474,-0.042595570221368326,-1.0700000524520874,true,four-finite-non-nodata-pixelisarea-neighbours,false,false,water-or-outside,1.0274044822307191
canonical-24m-30-2,canonical-24m-2x2,2640,1584,553760.5440013668,4182949.032026004,0,-1.0700000524520874,true,four-finite-non-nodata-pixelisarea-neighbours,false,false,water-or-outside,1.0700000524520874
canonical-24m-31-2,canonical-24m-2x2,2664,1584,553784.5601909941,4182949.188908609,0,-1.0700000524520874,true,four-finite-non-nodata-pixelisarea-neighbours,false,false,water-or-outside,1.0700000524520874
canonical-24m-32-2,canonical-24m-2x2,2688,1584,553808.5763809278,4182949.3458612883,0,-1.0700000524520874,true,four-finite-non-nodata-pixelisarea-neighbours,false,false,water-or-outside,1.0700000524520874
canonical-24m-0-3,canonical-24m-2x2,1920,1608,553039.9032875701,4182968.439677429,0,3.520590464319998,true,four-finite-non-nodata-pixelisarea-neighbours,true,true,land,-3.520590464319998
canonical-24m-1-3,canonical-24m-2x2,1944,1608,553063.9193977972,4182968.594458108,0,3.7283267592181053,true,four-finite-non-nodata-pixelisarea-neighbours,true,true,land,-3.7283267592181053
canonical-24m-2-3,canonical-24m-2x2,1968,1608,553087.9355083269,4182968.749308861,0,3.682660231281588,true,four-finite-non-nodata-pixelisarea-neighbours,true,true,land,-3.682660231281588
canonical-24m-3-3,canonical-24m-2x2,1992,1608,553111.9516191591,4182968.904229689,0,3.625092546062739,true,four-finite-non-nodata-pixelisarea-neighbours,true,true,land,-3.625092546062739
canonical-24m-4-3,canonical-24m-2x2,2016,1608,553135.9677302941,4182969.0592205906,0,3.6552035984746074,true,four-finite-non-nodata-pixelisarea-neighbours,true,true,land,-3.6552035984746074
canonical-24m-5-3,canonical-24m-2x2,2040,1608,553159.983841732,4182969.214281567,0,3.636221580021658,true,four-finite-non-nodata-pixelisarea-neighbours,true,true,land,-3.636221580021658
canonical-24m-6-3,canonical-24m-2x2,2064,1608,553183.999953473,4182969.3694126178,0,3.3450513720810906,true,four-finite-non-nodata-pixelisarea-neighbours,true,true,land,-3.3450513720810906
canonical-24m-7-3,canonical-24m-2x2,2088,1608,553208.0160655172,4182969.5246137427,0,3.332883060840344,true,four-finite-non-nodata-pixelisarea-neighbours,true,true,land,-3.332883060840344
canonical-24m-8-3,canonical-24m-2x2,2112,1608,553232.0321778625,4182969.679884942,0,3.310470379112756,true,four-finite-non-nodata-pixelisarea-neighbours,true,true,land,-3.310470379112756
canonical-24m-9-3,canonical-24m-2x2,2136,1608,553256.0482905135,4182969.8352262154,0,3.14987756916355,true,four-finite-non-nodata-pixelisarea-neighbours,true,true,land,-3.14987756916355
canonical-24m-10-3,canonical-24m-2x2,2160,1608,553280.064403468,4182969.9906375636,0,3.4589661373086376,true,four-finite-non-nodata-pixelisarea-neighbours,true,true,land,-3.4589661373086376
canonical-24m-11-3,canonical-24m-2x2,2184,1608,553304.0805167262,4182970.146118986,0,3.5356355222776954,true,four-finite-non-nodata-pixelisarea-neighbours,true,true,land,-3.5356355222776954
canonical-24m-12-3,canonical-24m-2x2,2208,1608,553328.0966302907,4182970.301670483,0,3.5791422940832587,true,four-finite-non-nodata-pixelisarea-neighbours,true,true,land,-3.5791422940832587
canonical-24m-13-3,canonical-24m-2x2,2232,1608,553352.1127441546,4182970.457292054,0,3.374952173172675,true,four-finite-non-nodata-pixelisarea-neighbours,true,true,land,-3.374952173172675
canonical-24m-14-3,canonical-24m-2x2,2256,1608,553376.1288583251,4182970.6129837,0,3.4813500677093594,true,four-finite-non-nodata-pixelisarea-neighbours,true,true,land,-3.4813500677093594
canonical-24m-15-3,canonical-24m-2x2,2280,1608,553400.1449727997,4182970.7687454196,0,3.888781082578998,true,four-finite-non-nodata-pixelisarea-neighbours,true,true,land,-3.888781082578998
canonical-24m-16-3,canonical-24m-2x2,2304,1608,553424.1610875787,4182970.9245772143,0,4.3112441632167116,true,four-finite-non-nodata-pixelisarea-neighbours,true,true,land,-4.3112441632167116
canonical-24m-17-3,canonical-24m-2x2,2328,1608,553448.1772026623,4182971.080479083,0,3.776815581662805,true,four-finite-non-nodata-pixelisarea-neighbours,true,true,land,-3.776815581662805
canonical-24m-18-3,canonical-24m-2x2,2352,1608,553472.1933180507,4182971.2364510265,0,3.746459128471539,true,four-finite-non-nodata-pixelisarea-neighbours,true,true,land,-3.746459128471539
canonical-24m-19-3,canonical-24m-2x2,2376,1608,553496.2094337438,4182971.392493044,-0.0010665019524858017,3.2252710328726155,true,four-finite-non-nodata-pixelisarea-neighbours,true,true,land,-3.226337534825101
canonical-24m-20-3,canonical-24m-2x2,2400,1608,553520.2255497419,4182971.5486051366,-0.010740004613296317,3.3640092959375596,true,four-finite-non-nodata-pixelisarea-neighbours,true,true,land,-3.3747493005508558
canonical-24m-21-3,canonical-24m-2x2,2424,1608,553544.2416660452,4182971.704787303,-0.032532460426115364,3.277995142355664,true,four-finite-non-nodata-pixelisarea-neighbours,true,true,land,-3.310527602781779
canonical-24m-22-3,canonical-24m-2x2,2448,1608,553568.2577826537,4182971.861039545,-0.14054808275234934,3.2618597718441524,true,four-finite-non-nodata-pixelisarea-neighbours,true,true,land,-3.4024078545965017
canonical-24m-23-3,canonical-24m-2x2,2472,1608,553592.2738995652,4182972.0173618603,-0.6046956927512744,3.077272063288393,true,four-finite-non-nodata-pixelisarea-neighbours,true,true,land,-3.6819677560396675
canonical-24m-24-3,canonical-24m-2x2,2496,1608,553616.2900167846,4182972.173754251,-0.8731125687632175,3.058648288928335,true,four-finite-non-nodata-pixelisarea-neighbours,true,true,land,-3.931760857691552
canonical-24m-25-3,canonical-24m-2x2,2520,1608,553640.3061343096,4182972.330216716,-0.947299831200481,2.9290230222533187,true,four-finite-non-nodata-pixelisarea-neighbours,true,true,land,-3.8763228534537997
canonical-24m-26-3,canonical-24m-2x2,2544,1608,553664.3222521404,4182972.486749255,-0.537945889621911,-1.0700000524520874,true,four-finite-non-nodata-pixelisarea-neighbours,false,false,water-or-outside,0.5320541628301764
canonical-24m-27-3,canonical-24m-2x2,2568,1608,553688.3383702772,4182972.643351869,-0.23161587359121494,-1.0700000524520874,true,four-finite-non-nodata-pixelisarea-neighbours,false,false,water-or-outside,0.8383841788608725
canonical-24m-28-3,canonical-24m-2x2,2592,1608,553712.35448872,4182972.8000245574,-0.03783067283834791,-1.0700000524520874,true,four-finite-non-nodata-pixelisarea-neighbours,false,false,water-or-outside,1.0321693796137394
canonical-24m-29-3,canonical-24m-2x2,2616,1608,553736.370607469,4182972.95676732,0,-1.0700000524520874,true,four-finite-non-nodata-pixelisarea-neighbours,false,false,water-or-outside,1.0700000524520874
canonical-24m-30-3,canonical-24m-2x2,2640,1608,553760.3867265243,4182973.113580158,0,-1.0700000524520874,true,four-finite-non-nodata-pixelisarea-neighbours,false,false,water-or-outside,1.0700000524520874
canonical-24m-31-3,canonical-24m-2x2,2664,1608,553784.4028458862,4182973.2704630704,0,-1.0700000524520874,true,four-finite-non-nodata-pixelisarea-neighbours,false,false,water-or-outside,1.0700000524520874
canonical-24m-32-3,canonical-24m-2x2,2688,1608,553808.4189655546,4182973.427416057,0,-1.0700000524520874,true,four-finite-non-nodata-pixelisarea-neighbours,false,false,water-or-outside,1.0700000524520874
canonical-24m-0-4,canonical-24m-2x2,1920,1632,553039.7481199196,4182992.521223305,0,3.7486647571799434,true,four-finite-non-nodata-pixelisarea-neighbours,true,true,land,-3.7486647571799434
canonical-24m-1-4,canonical-24m-2x2,1944,1632,553063.7641598813,4182992.6760042873,0,3.828258790643229,true,four-finite-non-nodata-pixelisarea-neighbours,true,true,land,-3.828258790643229
canonical-24m-2-4,canonical-24m-2x2,1968,1632,553087.7802001454,4182992.8308553435,0,3.5509114167530456,true,four-finite-non-nodata-pixelisarea-neighbours,true,true,land,-3.5509114167530456
canonical-24m-3-4,canonical-24m-2x2,1992,1632,553111.7962407123,4182992.985776475,0,3.6137539165330352,true,four-finite-non-nodata-pixelisarea-neighbours,true,true,land,-3.6137539165330352
canonical-24m-4-4,canonical-24m-2x2,2016,1632,553135.8122815819,4182993.1407676805,0,3.641250713385795,true,four-finite-non-nodata-pixelisarea-neighbours,true,true,land,-3.641250713385795
canonical-24m-5-4,canonical-24m-2x2,2040,1632,553159.8283227544,4182993.2958289604,0,3.380567892585119,true,four-finite-non-nodata-pixelisarea-neighbours,true,true,land,-3.380567892585119
canonical-24m-6-4,canonical-24m-2x2,2064,1632,553183.8443642299,4182993.4509603153,0,3.2565032911247487,true,four-finite-non-nodata-pixelisarea-neighbours,true,true,land,-3.2565032911247487
canonical-24m-7-4,canonical-24m-2x2,2088,1632,553207.8604060087,4182993.6061617443,0,3.341467692474655,true,four-finite-non-nodata-pixelisarea-neighbours,true,true,land,-3.341467692474655
canonical-24m-8-4,canonical-24m-2x2,2112,1632,553231.8764480884,4182993.761433248,0,3.3611080459544924,true,four-finite-non-nodata-pixelisarea-neighbours,true,true,land,-3.3611080459544924
canonical-24m-9-4,canonical-24m-2x2,2136,1632,553255.892490474,4182993.9167748257,0,3.3644347267056185,true,four-finite-non-nodata-pixelisarea-neighbours,true,true,land,-3.3644347267056185
canonical-24m-10-4,canonical-24m-2x2,2160,1632,553279.908533163,4182994.0721864784,0,3.137410857700985,true,four-finite-non-nodata-pixelisarea-neighbours,true,true,land,-3.137410857700985
canonical-24m-11-4,canonical-24m-2x2,2184,1632,553303.9245761558,4182994.2276682053,0,3.4931696815714424,true,four-finite-non-nodata-pixelisarea-neighbours,true,true,land,-3.4931696815714424
canonical-24m-12-4,canonical-24m-2x2,2208,1632,553327.9406194548,4182994.383220007,0,3.227155001811763,true,four-finite-non-nodata-pixelisarea-neighbours,true,true,land,-3.227155001811763
canonical-24m-13-4,canonical-24m-2x2,2232,1632,553351.9566630532,4182994.538841883,0,3.4012771206191026,true,four-finite-non-nodata-pixelisarea-neighbours,true,true,land,-3.4012771206191026
canonical-24m-14-4,canonical-24m-2x2,2256,1632,553375.9727069581,4182994.694533834,0,3.3330042427477724,true,four-finite-non-nodata-pixelisarea-neighbours,true,true,land,-3.3330042427477724
canonical-24m-15-4,canonical-24m-2x2,2280,1632,553399.9887511672,4182994.850295859,0,3.5457561613670716,true,four-finite-non-nodata-pixelisarea-neighbours,true,true,land,-3.5457561613670716
canonical-24m-16-4,canonical-24m-2x2,2304,1632,553424.0047956808,4182995.006127959,0,3.9673470378018982,true,four-finite-non-nodata-pixelisarea-neighbours,true,true,land,-3.9673470378018982
canonical-24m-17-4,canonical-24m-2x2,2328,1632,553448.0208404989,4182995.1620301334,0,3.0304223729082915,true,four-finite-non-nodata-pixelisarea-neighbours,true,true,land,-3.0304223729082915
canonical-24m-18-4,canonical-24m-2x2,2352,1632,553472.0368856215,4182995.3180023823,0,3.1495115093315755,true,four-finite-non-nodata-pixelisarea-neighbours,true,true,land,-3.1495115093315755
canonical-24m-19-4,canonical-24m-2x2,2376,1632,553496.0529310491,4182995.4740447057,-0.012806620242151602,3.31076814899727,true,four-finite-non-nodata-pixelisarea-neighbours,true,true,land,-3.3235747692394217
canonical-24m-20-4,canonical-24m-2x2,2400,1632,553520.0689767817,4182995.6301571038,-0.12761961056419127,3.3396146767483352,true,four-finite-non-nodata-pixelisarea-neighbours,true,true,land,-3.4672342873125266
canonical-24m-21-4,canonical-24m-2x2,2424,1632,553544.0850228193,4182995.786339577,-0.32590609154398054,3.4220223481885723,true,four-finite-non-nodata-pixelisarea-neighbours,true,true,land,-3.747928439732553
canonical-24m-22-4,canonical-24m-2x2,2448,1632,553568.1010691621,4182995.9425921245,-0.5247061842861093,3.05238505689462,true,four-finite-non-nodata-pixelisarea-neighbours,true,true,land,-3.577091241180729
canonical-24m-23-4,canonical-24m-2x2,2472,1632,553592.1171158082,4182996.098914746,-0.792022445749456,3.115838096882131,true,four-finite-non-nodata-pixelisarea-neighbours,true,true,land,-3.907860542631587
canonical-24m-24-4,canonical-24m-2x2,2496,1632,553616.1331627619,4182996.255307443,-0.7787528872219116,2.916313693546579,true,four-finite-non-nodata-pixelisarea-neighbours,true,true,land,-3.695066580768491
canonical-24m-25-4,canonical-24m-2x2,2520,1632,553640.1492100214,4182996.4117702143,-0.5125876301388824,-1.0700000524520874,true,four-finite-non-nodata-pixelisarea-neighbours,false,false,water-or-outside,0.557412422313205
canonical-24m-26-4,canonical-24m-2x2,2544,1632,553664.1652575865,4182996.5683030603,-0.22884584503572258,-1.0700000524520874,true,four-finite-non-nodata-pixelisarea-neighbours,false,false,water-or-outside,0.8411542074163648
canonical-24m-27-4,canonical-24m-2x2,2568,1632,553688.1813054576,4182996.724905981,-0.032549002303361774,-1.0700000524520874,true,four-finite-non-nodata-pixelisarea-neighbours,false,false,water-or-outside,1.0374510501487255
canonical-24m-28-4,canonical-24m-2x2,2592,1632,553712.1973536348,4182996.8815789768,0,-1.0700000524520874,true,four-finite-non-nodata-pixelisarea-neighbours,false,false,water-or-outside,1.0700000524520874
canonical-24m-29-4,canonical-24m-2x2,2616,1632,553736.2134021181,4182997.038322047,0,-1.0700000524520874,true,four-finite-non-nodata-pixelisarea-neighbours,false,false,water-or-outside,1.0700000524520874
canonical-24m-30-4,canonical-24m-2x2,2640,1632,553760.2294509078,4182997.1951351915,0,-1.0700000524520874,true,four-finite-non-nodata-pixelisarea-neighbours,false,false,water-or-outside,1.0700000524520874
canonical-24m-31-4,canonical-24m-2x2,2664,1632,553784.2455000039,4182997.3520184113,0,-1.0700000524520874,true,four-finite-non-nodata-pixelisarea-neighbours,false,false,water-or-outside,1.0700000524520874
canonical-24m-32-4,canonical-24m-2x2,2688,1632,553808.2615494067,4182997.5089717056,0,-1.0700000524520874,true,four-finite-non-nodata-pixelisarea-neighbours,false,false,water-or-outside,1.0700000524520874
canonical-24m-0-5,canonical-24m-2x2,1920,1656,553039.5929515053,4183016.6027700603,0,3.460771212885562,true,four-finite-non-nodata-pixelisarea-neighbours,true,true,land,-3.460771212885562
canonical-24m-1-5,canonical-24m-2x2,1944,1656,553063.6089212013,4183016.757551346,0,3.295531184739315,true,four-finite-non-nodata-pixelisarea-neighbours,true,true,land,-3.295531184739315
canonical-24m-2-5,canonical-24m-2x2,1968,1656,553087.6248911998,4183016.9124027058,0,3.6517542809569417,true,four-finite-non-nodata-pixelisarea-neighbours,true,true,land,-3.6517542809569417
canonical-24m-3-5,canonical-24m-2x2,1992,1656,553111.6408615009,4183017.0673241406,0,3.4273362235653453,true,four-finite-non-nodata-pixelisarea-neighbours,true,true,land,-3.4273362235653453
canonical-24m-4-5,canonical-24m-2x2,2016,1656,553135.6568321047,4183017.2223156495,0,3.4530168844648514,true,four-finite-non-nodata-pixelisarea-neighbours,true,true,land,-3.4530168844648514
canonical-24m-5-5,canonical-24m-2x2,2040,1656,553159.6728030114,4183017.3773772335,0,3.3093126889007642,true,four-finite-non-nodata-pixelisarea-neighbours,true,true,land,-3.3093126889007642
canonical-24m-6-5,canonical-24m-2x2,2064,1656,553183.6887742211,4183017.5325088925,0,3.3365890311580055,true,four-finite-non-nodata-pixelisarea-neighbours,true,true,land,-3.3365890311580055
canonical-24m-7-5,canonical-24m-2x2,2088,1656,553207.7047457341,4183017.687710625,0,3.4145640894528104,true,four-finite-non-nodata-pixelisarea-neighbours,true,true,land,-3.4145640894528104
canonical-24m-8-5,canonical-24m-2x2,2112,1656,553231.720717548,4183017.842982433,0,3.3348747037084205,true,four-finite-non-nodata-pixelisarea-neighbours,true,true,land,-3.3348747037084205
canonical-24m-9-5,canonical-24m-2x2,2136,1656,553255.7366896678,4183017.9983243155,0,3.3209507483191087,true,four-finite-non-nodata-pixelisarea-neighbours,true,true,land,-3.3209507483191087
canonical-24m-10-5,canonical-24m-2x2,2160,1656,553279.752662091,4183018.1537362724,0,3.3041282629593987,true,four-finite-non-nodata-pixelisarea-neighbours,true,true,land,-3.3041282629593987
canonical-24m-11-5,canonical-24m-2x2,2184,1656,553303.768634818,4183018.3092183038,0,3.1848001327083666,true,four-finite-non-nodata-pixelisarea-neighbours,true,true,land,-3.1848001327083666
canonical-24m-12-5,canonical-24m-2x2,2208,1656,553327.7846078511,4183018.4647704107,0,3.3883999749953837,true,four-finite-non-nodata-pixelisarea-neighbours,true,true,land,-3.3883999749953837
canonical-24m-13-5,canonical-24m-2x2,2232,1656,553351.8005811838,4183018.6203925917,0,3.4231715294143368,true,four-finite-non-nodata-pixelisarea-neighbours,true,true,land,-3.4231715294143368
canonical-24m-14-5,canonical-24m-2x2,2256,1656,553375.8165548226,4183018.7760848473,0,3.398197615901408,true,four-finite-non-nodata-pixelisarea-neighbours,true,true,land,-3.398197615901408
canonical-24m-15-5,canonical-24m-2x2,2280,1656,553399.8325287659,4183018.9318471774,0,3.3097755726027844,true,four-finite-non-nodata-pixelisarea-neighbours,true,true,land,-3.3097755726027844
canonical-24m-16-5,canonical-24m-2x2,2304,1656,553423.8485030135,4183019.087679583,0,3.3680440420543456,true,four-finite-non-nodata-pixelisarea-neighbours,true,true,land,-3.3680440420543456
canonical-24m-17-5,canonical-24m-2x2,2328,1656,553447.8644775657,4183019.243582063,0,3.177692174547035,true,four-finite-non-nodata-pixelisarea-neighbours,true,true,land,-3.177692174547035
canonical-24m-18-5,canonical-24m-2x2,2352,1656,553471.8804524225,4183019.3995546172,-0.0003147184667157802,3.3013644248173426,true,four-finite-non-nodata-pixelisarea-neighbours,true,true,land,-3.3016791432840584
canonical-24m-19-5,canonical-24m-2x2,2376,1656,553495.8964275842,4183019.5555972466,-0.036825761259908815,3.3774819702364915,true,four-finite-non-nodata-pixelisarea-neighbours,true,true,land,-3.4143077314964003
canonical-24m-20-5,canonical-24m-2x2,2400,1656,553519.9124030508,4183019.7117099506,-0.3280527419608945,3.3576554833594257,true,four-finite-non-nodata-pixelisarea-neighbours,true,true,land,-3.68570822532032
canonical-24m-21-5,canonical-24m-2x2,2424,1656,553543.9283788225,4183019.867892729,-0.6189201378875673,3.0692002373869802,true,four-finite-non-nodata-pixelisarea-neighbours,true,true,land,-3.6881203752745475
canonical-24m-22-5,canonical-24m-2x2,2448,1656,553567.9443548995,4183020.024145583,-0.8992378334619805,3.0499046813734036,true,four-finite-non-nodata-pixelisarea-neighbours,true,true,land,-3.9491425148353843
canonical-24m-23-5,canonical-24m-2x2,2472,1656,553591.9603312796,4183020.180468511,-0.7968021170917876,2.770718970170345,true,four-finite-non-nodata-pixelisarea-neighbours,true,true,land,-3.567521087262133
canonical-24m-24-5,canonical-24m-2x2,2496,1656,553615.9763079673,4183020.3368615145,-0.42158072364810534,-1.0700000524520874,true,four-finite-non-nodata-pixelisarea-neighbours,false,false,water-or-outside,0.6484193288039821
canonical-24m-25-5,canonical-24m-2x2,2520,1656,553639.9922849608,4183020.4933245922,-0.2159615566217326,-1.0700000524520874,true,four-finite-non-nodata-pixelisarea-neighbours,false,false,water-or-outside,0.8540384958303548
canonical-24m-26-5,canonical-24m-2x2,2544,1656,553664.0082622599,4183020.649857745,-0.02675055861638733,-1.0700000524520874,true,four-finite-non-nodata-pixelisarea-neighbours,false,false,water-or-outside,1.0432494938357
canonical-24m-27-5,canonical-24m-2x2,2568,1656,553688.024239865,4183020.8064609724,0,-1.0700000524520874,true,four-finite-non-nodata-pixelisarea-neighbours,false,false,water-or-outside,1.0700000524520874
canonical-24m-28-5,canonical-24m-2x2,2592,1656,553712.0402177762,4183020.9631342753,0,-1.0700000524520874,true,four-finite-non-nodata-pixelisarea-neighbours,false,false,water-or-outside,1.0700000524520874
canonical-24m-29-5,canonical-24m-2x2,2616,1656,553736.0561959936,4183021.119877652,0,-1.0700000524520874,true,four-finite-non-nodata-pixelisarea-neighbours,false,false,water-or-outside,1.0700000524520874
canonical-24m-30-5,canonical-24m-2x2,2640,1656,553760.0721745172,4183021.2766911043,0,-1.0700000524520874,true,four-finite-non-nodata-pixelisarea-neighbours,false,false,water-or-outside,1.0700000524520874
canonical-24m-31-5,canonical-24m-2x2,2664,1656,553784.0881533473,4183021.4335746313,0,-1.0700000524520874,true,four-finite-non-nodata-pixelisarea-neighbours,false,false,water-or-outside,1.0700000524520874
canonical-24m-32-5,canonical-24m-2x2,2688,1656,553808.1041324841,4183021.590528233,0,-1.0700000524520874,true,four-finite-non-nodata-pixelisarea-neighbours,false,false,water-or-outside,1.0700000524520874
canonical-24m-0-6,canonical-24m-2x2,1920,1680,553039.4377823274,4183040.684317696,0,3.4378957200616895,true,four-finite-non-nodata-pixelisarea-neighbours,true,true,land,-3.4378957200616895
canonical-24m-1-6,canonical-24m-2x2,1944,1680,553063.4536817573,4183040.839099285,0,3.505637370366889,true,four-finite-non-nodata-pixelisarea-neighbours,true,true,land,-3.505637370366889
canonical-24m-2-6,canonical-24m-2x2,1968,1680,553087.4695814897,4183040.9939509486,0,3.474958289170636,true,four-finite-non-nodata-pixelisarea-neighbours,true,true,land,-3.474958289170636
canonical-24m-3-6,canonical-24m-2x2,1992,1680,553111.4854815246,4183041.1488726866,0,3.572540830345358,true,four-finite-non-nodata-pixelisarea-neighbours,true,true,land,-3.572540830345358
canonical-24m-4-6,canonical-24m-2x2,2016,1680,553135.5013818623,4183041.3038644996,0,3.3098714613579334,true,four-finite-non-nodata-pixelisarea-neighbours,true,true,land,-3.3098714613579334
canonical-24m-5-6,canonical-24m-2x2,2040,1680,553159.517282503,4183041.458926387,0,3.369543370196336,true,four-finite-non-nodata-pixelisarea-neighbours,true,true,land,-3.369543370196336
canonical-24m-6-6,canonical-24m-2x2,2064,1680,553183.5331834466,4183041.6140583497,0,3.361452300733984,true,four-finite-non-nodata-pixelisarea-neighbours,true,true,land,-3.361452300733984
canonical-24m-7-6,canonical-24m-2x2,2088,1680,553207.5490846934,4183041.769260387,0,3.3600701881823323,true,four-finite-non-nodata-pixelisarea-neighbours,true,true,land,-3.3600701881823323
canonical-24m-8-6,canonical-24m-2x2,2112,1680,553231.5649862413,4183041.924532499,0,3.290656193088801,true,four-finite-non-nodata-pixelisarea-neighbours,true,true,land,-3.290656193088801
canonical-24m-9-6,canonical-24m-2x2,2136,1680,553255.5808880947,4183042.0798746855,0,3.265540138647893,true,four-finite-non-nodata-pixelisarea-neighbours,true,true,land,-3.265540138647893
canonical-24m-10-6,canonical-24m-2x2,2160,1680,553279.5967902519,4183042.2352869473,0,3.216886044808647,true,four-finite-non-nodata-pixelisarea-neighbours,true,true,land,-3.216886044808647
canonical-24m-11-6,canonical-24m-2x2,2184,1680,553303.6126927127,4183042.3907692833,0,3.062188393380981,true,four-finite-non-nodata-pixelisarea-neighbours,true,true,land,-3.062188393380981
canonical-24m-12-6,canonical-24m-2x2,2208,1680,553327.6285954795,4183042.5463216943,0,3.254594237481333,true,four-finite-non-nodata-pixelisarea-neighbours,true,true,land,-3.254594237481333
canonical-24m-13-6,canonical-24m-2x2,2232,1680,553351.6444985459,4183042.7019441803,0,3.284606958161244,true,four-finite-non-nodata-pixelisarea-neighbours,true,true,land,-3.284606958161244
canonical-24m-14-6,canonical-24m-2x2,2256,1680,553375.6604019187,4183042.857636741,0,3.4206161495073655,true,four-finite-non-nodata-pixelisarea-neighbours,true,true,land,-3.4206161495073655
canonical-24m-15-6,canonical-24m-2x2,2280,1680,553399.6763055958,4183043.013399377,0,3.3524276721233974,true,four-finite-non-nodata-pixelisarea-neighbours,true,true,land,-3.3524276721233974
canonical-24m-16-6,canonical-24m-2x2,2304,1680,553423.6922095772,4183043.169232087,0,3.1574494071645387,true,four-finite-non-nodata-pixelisarea-neighbours,true,true,land,-3.1574494071645387
canonical-24m-17-6,canonical-24m-2x2,2328,1680,553447.7081138631,4183043.3251348725,0,3.2165655885886704,true,four-finite-non-nodata-pixelisarea-neighbours,true,true,land,-3.2165655885886704
canonical-24m-18-6,canonical-24m-2x2,2352,1680,553471.7240184537,4183043.4811077327,-0.014866850421054179,3.010132771535784,true,four-finite-non-nodata-pixelisarea-neighbours,true,true,land,-3.0249996219568382
canonical-24m-19-6,canonical-24m-2x2,2376,1680,553495.7399233491,4183043.6371506676,-0.14431839293542098,3.112328111481899,true,four-finite-non-nodata-pixelisarea-neighbours,true,true,land,-3.25664650441732
canonical-24m-20-6,canonical-24m-2x2,2400,1680,553519.7558285494,4183043.7932636775,-0.5284858733575859,2.986102514746194,true,four-finite-non-nodata-pixelisarea-neighbours,true,true,land,-3.51458838810378
canonical-24m-21-6,canonical-24m-2x2,2424,1680,553543.7717340549,4183043.949446762,-0.8956670831330498,3.1655476322332294,true,four-finite-non-nodata-pixelisarea-neighbours,true,true,land,-4.06121471536628
canonical-24m-22-6,canonical-24m-2x2,2448,1680,553567.7876398655,4183044.105699922,-0.8971632795439415,2.7482323374555886,true,four-finite-non-nodata-pixelisarea-neighbours,true,true,land,-3.6453956169995303
canonical-24m-23-6,canonical-24m-2x2,2472,1680,553591.8035459793,4183044.2620231565,-0.515906064010211,-1.0700000524520874,true,four-finite-non-nodata-pixelisarea-neighbours,false,false,water-or-outside,0.5540939884418764
canonical-24m-24-6,canonical-24m-2x2,2496,1680,553615.8194524008,4183044.418416466,-0.22253062819677866,-1.0700000524520874,true,four-finite-non-nodata-pixelisarea-neighbours,false,false,water-or-outside,0.8474694242553087
canonical-24m-25-6,canonical-24m-2x2,2520,1680,553639.8353591278,4183044.5748798503,-0.023150250188552948,-1.0700000524520874,true,four-finite-non-nodata-pixelisarea-neighbours,false,false,water-or-outside,1.0468498022635344
canonical-24m-26-6,canonical-24m-2x2,2544,1680,553663.8512661607,4183044.7314133095,-0.0004123665984399912,-1.0700000524520874,true,four-finite-non-nodata-pixelisarea-neighbours,false,false,water-or-outside,1.0695876858536475
canonical-24m-27-6,canonical-24m-2x2,2568,1680,553687.8671734995,4183044.888016844,0,-1.0700000524520874,true,four-finite-non-nodata-pixelisarea-neighbours,false,false,water-or-outside,1.0700000524520874
canonical-24m-28-6,canonical-24m-2x2,2592,1680,553711.8830811443,4183045.0446904534,0,-1.0700000524520874,true,four-finite-non-nodata-pixelisarea-neighbours,false,false,water-or-outside,1.0700000524520874
canonical-24m-29-6,canonical-24m-2x2,2616,1680,553735.8989890952,4183045.2014341378,0,-1.0700000524520874,true,four-finite-non-nodata-pixelisarea-neighbours,false,false,water-or-outside,1.0700000524520874
canonical-24m-30-6,canonical-24m-2x2,2640,1680,553759.9148973526,4183045.358247897,0,-1.0700000524520874,true,four-finite-non-nodata-pixelisarea-neighbours,false,false,water-or-outside,1.0700000524520874
canonical-24m-31-6,canonical-24m-2x2,2664,1680,553783.9308059163,4183045.5151317315,0,-1.0700000524520874,true,four-finite-non-nodata-pixelisarea-neighbours,false,false,water-or-outside,1.0700000524520874
canonical-24m-32-6,canonical-24m-2x2,2688,1680,553807.9467147866,4183045.6720856405,0,-1.0700000524520874,true,four-finite-non-nodata-pixelisarea-neighbours,false,false,water-or-outside,1.0700000524520874
canonical-24m-0-7,canonical-24m-2x2,1920,1704,553039.2826123859,4183064.7658662098,0,3.3140437245277923,true,four-finite-non-nodata-pixelisarea-neighbours,true,true,land,-3.3140437245277923
canonical-24m-1-7,canonical-24m-2x2,1944,1704,553063.2984415493,4183064.9206481017,0,3.456958977758064,true,four-finite-non-nodata-pixelisarea-neighbours,true,true,land,-3.456958977758064
canonical-24m-2-7,canonical-24m-2x2,1968,1704,553087.3142710152,4183065.0755000683,0,3.4388417318326496,true,four-finite-non-nodata-pixelisarea-neighbours,true,true,land,-3.4388417318326496
canonical-24m-3-7,canonical-24m-2x2,1992,1704,553111.3301007838,4183065.2304221103,0,3.729854373003964,true,four-finite-non-nodata-pixelisarea-neighbours,true,true,land,-3.729854373003964
canonical-24m-4-7,canonical-24m-2x2,2016,1704,553135.345930855,4183065.3854142264,0,3.481444356918062,true,four-finite-non-nodata-pixelisarea-neighbours,true,true,land,-3.481444356918062
canonical-24m-5-7,canonical-24m-2x2,2040,1704,553159.3617612292,4183065.5404764186,0,3.229612636977101,true,four-finite-non-nodata-pixelisarea-neighbours,true,true,land,-3.229612636977101
canonical-24m-6-7,canonical-24m-2x2,2064,1704,553183.3775919063,4183065.695608685,0,3.322219984878088,true,four-finite-non-nodata-pixelisarea-neighbours,true,true,land,-3.322219984878088
canonical-24m-7-7,canonical-24m-2x2,2088,1704,553207.3934228866,4183065.8508110256,0,3.356749425996045,true,four-finite-non-nodata-pixelisarea-neighbours,true,true,land,-3.356749425996045
canonical-24m-8-7,canonical-24m-2x2,2112,1704,553231.409254168,4183066.006083442,0,3.29205968322006,true,four-finite-non-nodata-pixelisarea-neighbours,true,true,land,-3.29205968322006
canonical-24m-9-7,canonical-24m-2x2,2136,1704,553255.4250857551,4183066.1614259332,0,3.28811823554481,true,four-finite-non-nodata-pixelisarea-neighbours,true,true,land,-3.28811823554481
canonical-24m-10-7,canonical-24m-2x2,2160,1704,553279.4409176456,4183066.316838499,0,3.1954059581030627,true,four-finite-non-nodata-pixelisarea-neighbours,true,true,land,-3.1954059581030627
canonical-24m-11-7,canonical-24m-2x2,2184,1704,553303.4567498398,4183066.47232114,0,3.17744923071225,true,four-finite-non-nodata-pixelisarea-neighbours,true,true,land,-3.17744923071225
canonical-24m-12-7,canonical-24m-2x2,2208,1704,553327.4725823402,4183066.6278738556,0,3.13483355752966,true,four-finite-non-nodata-pixelisarea-neighbours,true,true,land,-3.13483355752966
canonical-24m-13-7,canonical-24m-2x2,2232,1704,553351.4884151401,4183066.7834966467,0,3.2510402574085133,true,four-finite-non-nodata-pixelisarea-neighbours,true,true,land,-3.2510402574085133
canonical-24m-14-7,canonical-24m-2x2,2256,1704,553375.5042482463,4183066.9391895123,0,3.2148605308604035,true,four-finite-non-nodata-pixelisarea-neighbours,true,true,land,-3.2148605308604035
canonical-24m-15-7,canonical-24m-2x2,2280,1704,553399.5200816568,4183067.094952453,0,3.0349805263688654,true,four-finite-non-nodata-pixelisarea-neighbours,true,true,land,-3.0349805263688654
canonical-24m-16-7,canonical-24m-2x2,2304,1704,553423.5359153716,4183067.2507854686,0,3.3001553201961604,true,four-finite-non-nodata-pixelisarea-neighbours,true,true,land,-3.3001553201961604
canonical-24m-17-7,canonical-24m-2x2,2328,1704,553447.5517493909,4183067.4066885593,-0.03547039195290736,2.997192439065096,true,four-finite-non-nodata-pixelisarea-neighbours,true,true,land,-3.0326628310180035
canonical-24m-18-7,canonical-24m-2x2,2352,1704,553471.567583715,4183067.5626617256,-0.23353581387089564,3.1853926112290525,true,four-finite-non-nodata-pixelisarea-neighbours,true,true,land,-3.4189284250999483
canonical-24m-19-7,canonical-24m-2x2,2376,1704,553495.5834183437,4183067.718704966,-0.5364998293372112,2.981289320664305,true,four-finite-non-nodata-pixelisarea-neighbours,true,true,land,-3.5177891500015166
canonical-24m-20-7,canonical-24m-2x2,2400,1704,553519.5992532775,4183067.8748182817,-0.9760953440752992,3.0720736889931746,true,four-finite-non-nodata-pixelisarea-neighbours,true,true,land,-4.048169033068474
canonical-24m-21-7,canonical-24m-2x2,2424,1704,553543.6150885163,4183068.0310016726,-0.9826214918943468,2.6033807231385877,true,four-finite-non-nodata-pixelisarea-neighbours,true,true,land,-3.5860022150329343
canonical-24m-22-7,canonical-24m-2x2,2448,1704,553567.6309240602,4183068.187255138,-0.7066575714432759,-1.0700000524520874,true,four-finite-non-nodata-pixelisarea-neighbours,false,false,water-or-outside,0.3633424810088115
canonical-24m-23-7,canonical-24m-2x2,2472,1704,553591.6467599074,4183068.343578679,-0.22954959129993185,-1.0700000524520874,true,four-finite-non-nodata-pixelisarea-neighbours,false,false,water-or-outside,0.8404504611521555
canonical-24m-24-7,canonical-24m-2x2,2496,1704,553615.6625960623,4183068.499972295,-0.023480532745451976,-1.0700000524520874,true,four-finite-non-nodata-pixelisarea-neighbours,false,false,water-or-outside,1.0465195197066355
canonical-24m-25-7,canonical-24m-2x2,2520,1704,553639.6784325227,4183068.656435986,-0.0010274567503231924,-1.0700000524520874,true,four-finite-non-nodata-pixelisarea-neighbours,false,false,water-or-outside,1.0689725957017642
canonical-24m-26-7,canonical-24m-2x2,2544,1704,553663.6942692889,4183068.8129697517,0,-1.0700000524520874,true,four-finite-non-nodata-pixelisarea-neighbours,false,false,water-or-outside,1.0700000524520874
canonical-24m-27-7,canonical-24m-2x2,2568,1704,553687.710106361,4183068.969573593,0,-1.0700000524520874,true,four-finite-non-nodata-pixelisarea-neighbours,false,false,water-or-outside,1.0700000524520874
canonical-24m-28-7,canonical-24m-2x2,2592,1704,553711.7259437391,4183069.1262475094,0,-1.0700000524520874,true,four-finite-non-nodata-pixelisarea-neighbours,false,false,water-or-outside,1.0700000524520874
canonical-24m-29-7,canonical-24m-2x2,2616,1704,553735.7417814233,4183069.2829915006,0,-1.0700000524520874,true,four-finite-non-nodata-pixelisarea-neighbours,false,false,water-or-outside,1.0700000524520874
canonical-24m-30-7,canonical-24m-2x2,2640,1704,553759.7576194139,4183069.4398055673,0,-1.0700000524520874,true,four-finite-non-nodata-pixelisarea-neighbours,false,false,water-or-outside,1.0700000524520874
canonical-24m-31-7,canonical-24m-2x2,2664,1704,553783.773457711,4183069.596689709,0,-1.0700000524520874,true,four-finite-non-nodata-pixelisarea-neighbours,false,false,water-or-outside,1.0700000524520874
canonical-24m-32-7,canonical-24m-2x2,2688,1704,553807.7892963145,4183069.7536439253,0,-1.0700000524520874,true,four-finite-non-nodata-pixelisarea-neighbours,false,false,water-or-outside,1.0700000524520874
canonical-24m-0-8,canonical-24m-2x2,1920,1728,553039.1274416806,4183088.8474156046,0,3.262289219277681,true,four-finite-non-nodata-pixelisarea-neighbours,true,true,land,-3.262289219277681
canonical-24m-1-8,canonical-24m-2x2,1944,1728,553063.1432005774,4183089.0021977997,0,3.37504646955718,true,four-finite-non-nodata-pixelisarea-neighbours,true,true,land,-3.37504646955718
canonical-24m-2-8,canonical-24m-2x2,1968,1728,553087.1589597765,4183089.15705007,0,3.2743247410495617,true,four-finite-non-nodata-pixelisarea-neighbours,true,true,land,-3.2743247410495617
canonical-24m-3-8,canonical-24m-2x2,1992,1728,553111.1747192782,4183089.3119724155,0,3.2760617705559483,true,four-finite-non-nodata-pixelisarea-neighbours,true,true,land,-3.2760617705559483
canonical-24m-4-8,canonical-24m-2x2,2016,1728,553135.1904790826,4183089.4669648353,0,3.3363465297221513,true,four-finite-non-nodata-pixelisarea-neighbours,true,true,land,-3.3363465297221513
canonical-24m-5-8,canonical-24m-2x2,2040,1728,553159.20623919,4183089.6220273306,0,3.288765098707425,true,four-finite-non-nodata-pixelisarea-neighbours,true,true,land,-3.288765098707425
canonical-24m-6-8,canonical-24m-2x2,2064,1728,553183.2219996003,4183089.777159901,0,3.2016232259345028,true,four-finite-non-nodata-pixelisarea-neighbours,true,true,land,-3.2016232259345028
canonical-24m-7-8,canonical-24m-2x2,2088,1728,553207.2377603138,4183089.9323625467,0,3.321100834137848,true,four-finite-non-nodata-pixelisarea-neighbours,true,true,land,-3.321100834137848
canonical-24m-8-8,canonical-24m-2x2,2112,1728,553231.2535213283,4183090.0876352666,0,3.285741659459072,true,four-finite-non-nodata-pixelisarea-neighbours,true,true,land,-3.285741659459072
canonical-24m-9-8,canonical-24m-2x2,2136,1728,553255.2692826485,4183090.242978062,0,3.4532105333044574,true,four-finite-non-nodata-pixelisarea-neighbours,true,true,land,-3.4532105333044574
canonical-24m-10-8,canonical-24m-2x2,2160,1728,553279.2850442722,4183090.3983909325,0,3.3028128675500783,true,four-finite-non-nodata-pixelisarea-neighbours,true,true,land,-3.3028128675500783
canonical-24m-11-8,canonical-24m-2x2,2184,1728,553303.3008061997,4183090.553873878,0,3.252755289269492,true,four-finite-non-nodata-pixelisarea-neighbours,true,true,land,-3.252755289269492
canonical-24m-12-8,canonical-24m-2x2,2208,1728,553327.3165684331,4183090.7094268985,0,3.198450465275722,true,four-finite-non-nodata-pixelisarea-neighbours,true,true,land,-3.198450465275722
canonical-24m-13-8,canonical-24m-2x2,2232,1728,553351.332330966,4183090.8650499946,0,3.2384214308673043,true,four-finite-non-nodata-pixelisarea-neighbours,true,true,land,-3.2384214308673043
canonical-24m-14-8,canonical-24m-2x2,2256,1728,553375.3480938054,4183091.020743165,0,3.049102726166093,true,four-finite-non-nodata-pixelisarea-neighbours,true,true,land,-3.049102726166093
canonical-24m-15-8,canonical-24m-2x2,2280,1728,553399.3638569489,4183091.1765064104,0,3.3679146906801094,true,four-finite-non-nodata-pixelisarea-neighbours,true,true,land,-3.3679146906801094
canonical-24m-16-8,canonical-24m-2x2,2304,1728,553423.3796203968,4183091.3323397315,0,3.208164107650052,true,four-finite-non-nodata-pixelisarea-neighbours,true,true,land,-3.208164107650052
canonical-24m-17-8,canonical-24m-2x2,2328,1728,553447.3953841492,4183091.488243128,-0.05444151557369422,2.9978219243021775,true,four-finite-non-nodata-pixelisarea-neighbours,true,true,land,-3.0522634398758717
canonical-24m-18-8,canonical-24m-2x2,2352,1728,553471.4111482063,4183091.6442165994,-0.364149462754077,2.8699207188127516,true,four-finite-non-nodata-pixelisarea-neighbours,true,true,land,-3.2340701815668287
canonical-24m-19-8,canonical-24m-2x2,2376,1728,553495.4269125682,4183091.8002601457,-0.8104074034305078,2.9450516479176816,true,four-finite-non-nodata-pixelisarea-neighbours,true,true,land,-3.7554590513481894
canonical-24m-20-8,canonical-24m-2x2,2400,1728,553519.4426772349,4183091.956373767,-1.0696469487167786,2.417028522611947,true,four-finite-non-nodata-pixelisarea-neighbours,true,true,land,-3.4866754713287254
canonical-24m-21-8,canonical-24m-2x2,2424,1728,553543.4584422067,4183092.112557464,-0.7965879829007512,2.622934599697527,true,four-finite-non-nodata-pixelisarea-neighbours,true,true,land,-3.4195225825982782
canonical-24m-22-8,canonical-24m-2x2,2448,1728,553567.4742074838,4183092.2688112357,-0.3325156307990864,-1.0700000524520874,true,four-finite-non-nodata-pixelisarea-neighbours,false,false,water-or-outside,0.737484421653001
canonical-24m-23-8,canonical-24m-2x2,2472,1728,553591.4899730639,4183092.4251350826,-0.026527792279211544,-1.0700000524520874,true,four-finite-non-nodata-pixelisarea-neighbours,false,false,water-or-outside,1.0434722601728759
canonical-24m-24-8,canonical-24m-2x2,2496,1728,553615.5057389517,4183092.581529005,-0.001125773750230204,-1.0700000524520874,true,four-finite-non-nodata-pixelisarea-neighbours,false,false,water-or-outside,1.0688742787018572
canonical-24m-25-8,canonical-24m-2x2,2520,1728,553639.5215051451,4183092.737993003,0,-1.0700000524520874,true,four-finite-non-nodata-pixelisarea-neighbours,false,false,water-or-outside,1.0700000524520874
canonical-24m-26-8,canonical-24m-2x2,2544,1728,553663.5372716443,4183092.8945270753,0,-1.0700000524520874,true,four-finite-non-nodata-pixelisarea-neighbours,false,false,water-or-outside,1.0700000524520874
canonical-24m-27-8,canonical-24m-2x2,2568,1728,553687.5530384494,4183093.0511312233,0,-1.0700000524520874,true,four-finite-non-nodata-pixelisarea-neighbours,false,false,water-or-outside,1.0700000524520874
canonical-24m-28-8,canonical-24m-2x2,2592,1728,553711.5688055605,4183093.207805447,0,-1.0700000524520874,true,four-finite-non-nodata-pixelisarea-neighbours,false,false,water-or-outside,1.0700000524520874
canonical-24m-29-8,canonical-24m-2x2,2616,1728,553735.5845729777,4183093.364549745,0,-1.0700000524520874,true,four-finite-non-nodata-pixelisarea-neighbours,false,false,water-or-outside,1.0700000524520874
canonical-24m-30-8,canonical-24m-2x2,2640,1728,553759.6003407012,4183093.5213641184,0,-1.0700000524520874,true,four-finite-non-nodata-pixelisarea-neighbours,false,false,water-or-outside,1.0700000524520874
canonical-24m-31-8,canonical-24m-2x2,2664,1728,553783.6161087311,4183093.6782485675,0,-1.0700000524520874,true,four-finite-non-nodata-pixelisarea-neighbours,false,false,water-or-outside,1.0700000524520874
canonical-24m-32-8,canonical-24m-2x2,2688,1728,553807.6318770676,4183093.835203092,0,-1.0700000524520874,true,four-finite-non-nodata-pixelisarea-neighbours,false,false,water-or-outside,1.0700000524520874
canonical-24m-0-9,canonical-24m-2x2,1920,1752,553038.9722702118,4183112.928965879,0,3.553923226577295,true,four-finite-non-nodata-pixelisarea-neighbours,true,true,land,-3.553923226577295
canonical-24m-1-9,canonical-24m-2x2,1944,1752,553062.9879588414,4183113.083748378,0,3.6584615004107457,true,four-finite-non-nodata-pixelisarea-neighbours,true,true,land,-3.6584615004107457
canonical-24m-2-9,canonical-24m-2x2,1968,1752,553087.0036477733,4183113.238600951,0,3.648633036902278,true,four-finite-non-nodata-pixelisarea-neighbours,true,true,land,-3.648633036902278
canonical-24m-3-9,canonical-24m-2x2,1992,1752,553111.0193370079,4183113.3935236,0,3.4210472704115795,true,four-finite-non-nodata-pixelisarea-neighbours,true,true,land,-3.4210472704115795
canonical-24m-4-9,canonical-24m-2x2,2016,1752,553135.0350265453,4183113.548516324,0,3.3256420371091635,true,four-finite-non-nodata-pixelisarea-neighbours,true,true,land,-3.3256420371091635
canonical-24m-5-9,canonical-24m-2x2,2040,1752,553159.0507163854,4183113.703579123,0,3.5261157793780824,true,four-finite-non-nodata-pixelisarea-neighbours,true,true,land,-3.5261157793780824
canonical-24m-6-9,canonical-24m-2x2,2064,1752,553183.0664065286,4183113.858711997,0,3.474486993267688,true,four-finite-non-nodata-pixelisarea-neighbours,true,true,land,-3.474486993267688
canonical-24m-7-9,canonical-24m-2x2,2088,1752,553207.0820969748,4183114.0139149465,0,3.188704440194063,true,four-finite-non-nodata-pixelisarea-neighbours,true,true,land,-3.188704440194063
canonical-24m-8-9,canonical-24m-2x2,2112,1752,553231.0977877222,4183114.169187971,0,3.375382129106508,true,four-finite-non-nodata-pixelisarea-neighbours,true,true,land,-3.375382129106508
canonical-24m-9-9,canonical-24m-2x2,2136,1752,553255.1134787751,4183114.3245310704,0,3.45157601616369,true,four-finite-non-nodata-pixelisarea-neighbours,true,true,land,-3.45157601616369
canonical-24m-10-9,canonical-24m-2x2,2160,1752,553279.1291701316,4183114.4799442454,0,3.380305139823048,true,four-finite-non-nodata-pixelisarea-neighbours,true,true,land,-3.380305139823048
canonical-24m-11-9,canonical-24m-2x2,2184,1752,553303.1448617919,4183114.6354274955,0,3.3963802282785798,true,four-finite-non-nodata-pixelisarea-neighbours,true,true,land,-3.3963802282785798
canonical-24m-12-9,canonical-24m-2x2,2208,1752,553327.1605537581,4183114.7909808205,0,3.3146843373963555,true,four-finite-non-nodata-pixelisarea-neighbours,true,true,land,-3.3146843373963555
canonical-24m-13-9,canonical-24m-2x2,2232,1752,553351.1762460239,4183114.946604221,0,3.069541412277167,true,four-finite-non-nodata-pixelisarea-neighbours,true,true,land,-3.069541412277167
canonical-24m-14-9,canonical-24m-2x2,2256,1752,553375.1919385958,4183115.102297697,0,3.233762683337271,true,four-finite-non-nodata-pixelisarea-neighbours,true,true,land,-3.233762683337271
canonical-24m-15-9,canonical-24m-2x2,2280,1752,553399.2076314721,4183115.2580612483,0,3.7983345579268386,true,four-finite-non-nodata-pixelisarea-neighbours,true,true,land,-3.7983345579268386
canonical-24m-16-9,canonical-24m-2x2,2304,1752,553423.2233246529,4183115.4138948745,-0.039088425940273154,3.3531496631453948,true,four-finite-non-nodata-pixelisarea-neighbours,true,true,land,-3.392238089085668
canonical-24m-17-9,canonical-24m-2x2,2328,1752,553447.239018138,4183115.5697985757,-0.2642656489549983,3.282641221575755,true,four-finite-non-nodata-pixelisarea-neighbours,true,true,land,-3.546906870530753
canonical-24m-18-9,canonical-24m-2x2,2352,1752,553471.2547119277,4183115.725772353,-0.7130645513296405,3.1378254936411,true,four-finite-non-nodata-pixelisarea-neighbours,true,true,land,-3.8508900449707406
canonical-24m-19-9,canonical-24m-2x2,2376,1752,553495.2704060223,4183115.881816205,-1.0673637363597348,2.6520026824267418,true,four-finite-non-nodata-pixelisarea-neighbours,true,true,land,-3.7193664187864766
canonical-24m-20-9,canonical-24m-2x2,2400,1752,553519.2861004218,4183116.037930132,-1.06241370778111,2.765832413118304,true,four-finite-non-nodata-pixelisarea-neighbours,true,true,land,-3.828246120899414
canonical-24m-21-9,canonical-24m-2x2,2424,1752,553543.3017951263,4183116.194114135,-0.6068082566046008,-1.0700000524520874,true,four-finite-non-nodata-pixelisarea-neighbours,false,false,water-or-outside,0.4631917958474866
canonical-24m-22-9,canonical-24m-2x2,2448,1752,553567.317490136,4183116.350368213,-0.21076965126866146,-1.0700000524520874,true,four-finite-non-nodata-pixelisarea-neighbours,false,false,water-or-outside,0.859230401183426
canonical-24m-23-9,canonical-24m-2x2,2472,1752,553591.3331854488,4183116.506692366,-0.006107751905009983,-1.0700000524520874,true,four-finite-non-nodata-pixelisarea-neighbours,false,false,water-or-outside,1.0638923005470775
canonical-24m-24-9,canonical-24m-2x2,2496,1752,553615.3488810693,4183116.663086595,0,-1.0700000524520874,true,four-finite-non-nodata-pixelisarea-neighbours,false,false,water-or-outside,1.0700000524520874
canonical-24m-25-9,canonical-24m-2x2,2520,1752,553639.3645769954,4183116.819550899,0,-1.0693418035298248,true,four-finite-non-nodata-pixelisarea-neighbours,false,false,water-or-outside,1.0693418035298248
canonical-24m-26-9,canonical-24m-2x2,2544,1752,553663.3802732271,4183116.976085278,0,-1.0700000524520874,true,four-finite-non-nodata-pixelisarea-neighbours,false,false,water-or-outside,1.0700000524520874
canonical-24m-27-9,canonical-24m-2x2,2568,1752,553687.3959697649,4183117.132689733,0,-1.0700000524520874,true,four-finite-non-nodata-pixelisarea-neighbours,false,false,water-or-outside,1.0700000524520874
canonical-24m-28-9,canonical-24m-2x2,2592,1752,553711.4116666085,4183117.289364263,0,-1.0700000524520874,true,four-finite-non-nodata-pixelisarea-neighbours,false,false,water-or-outside,1.0700000524520874
canonical-24m-29-9,canonical-24m-2x2,2616,1752,553735.4273637583,4183117.4461088683,0,-1.0700000524520874,true,four-finite-non-nodata-pixelisarea-neighbours,false,false,water-or-outside,1.0700000524520874
canonical-24m-30-9,canonical-24m-2x2,2640,1752,553759.4430612145,4183117.6029235492,0,-1.0700000524520874,true,four-finite-non-nodata-pixelisarea-neighbours,false,false,water-or-outside,1.0700000524520874
canonical-24m-31-9,canonical-24m-2x2,2664,1752,553783.458758977,4183117.7598083057,0,-1.0700000524520874,true,four-finite-non-nodata-pixelisarea-neighbours,false,false,water-or-outside,1.0700000524520874
canonical-24m-32-9,canonical-24m-2x2,2688,1752,553807.4744570461,4183117.916763137,0,-1.0700000524520874,true,four-finite-non-nodata-pixelisarea-neighbours,false,false,water-or-outside,1.0700000524520874
canonical-24m-0-10,canonical-24m-2x2,1920,1776,553038.8170979792,4183137.010517033,0,3.7205236632867464,true,four-finite-non-nodata-pixelisarea-neighbours,true,true,land,-3.7205236632867464
canonical-24m-1-10,canonical-24m-2x2,1944,1776,553062.8327163414,4183137.1652998347,0,3.793779216729237,true,four-finite-non-nodata-pixelisarea-neighbours,true,true,land,-3.793779216729237
canonical-24m-2-10,canonical-24m-2x2,1968,1776,553086.8483350059,4183137.3201527116,0,3.781355884060073,true,four-finite-non-nodata-pixelisarea-neighbours,true,true,land,-3.781355884060073
canonical-24m-3-10,canonical-24m-2x2,1992,1776,553110.8639539729,4183137.4750756635,0,3.529804742300603,true,four-finite-non-nodata-pixelisarea-neighbours,true,true,land,-3.529804742300603
canonical-24m-4-10,canonical-24m-2x2,2016,1776,553134.8795732427,4183137.6300686914,0,3.5143792423146603,true,four-finite-non-nodata-pixelisarea-neighbours,true,true,land,-3.5143792423146603
canonical-24m-5-10,canonical-24m-2x2,2040,1776,553158.8951928155,4183137.785131794,0,3.6289573861592013,true,four-finite-non-nodata-pixelisarea-neighbours,true,true,land,-3.6289573861592013
canonical-24m-6-10,canonical-24m-2x2,2064,1776,553182.9108126911,4183137.940264972,0,3.6720225920363223,true,four-finite-non-nodata-pixelisarea-neighbours,true,true,land,-3.6720225920363223
canonical-24m-7-10,canonical-24m-2x2,2088,1776,553206.9264328699,4183138.095468225,0,3.580686938323039,true,four-finite-non-nodata-pixelisarea-neighbours,true,true,land,-3.580686938323039
canonical-24m-8-10,canonical-24m-2x2,2112,1776,553230.9420533497,4183138.250741554,0,3.16717572901226,true,four-finite-non-nodata-pixelisarea-neighbours,true,true,land,-3.16717572901226
canonical-24m-9-10,canonical-24m-2x2,2136,1776,553254.9576741351,4183138.406084958,0,3.3193288740895004,true,four-finite-non-nodata-pixelisarea-neighbours,true,true,land,-3.3193288740895004
canonical-24m-10-10,canonical-24m-2x2,2160,1776,553278.973295224,4183138.561498437,0,3.4974289325984547,true,four-finite-non-nodata-pixelisarea-neighbours,true,true,land,-3.4974289325984547
canonical-24m-11-10,canonical-24m-2x2,2184,1776,553302.9889166167,4183138.716981992,0,3.480618242883455,true,four-finite-non-nodata-pixelisarea-neighbours,true,true,land,-3.480618242883455
canonical-24m-12-10,canonical-24m-2x2,2208,1776,553327.0045383153,4183138.872535622,0,3.0636124047381212,true,four-finite-non-nodata-pixelisarea-neighbours,true,true,land,-3.0636124047381212
canonical-24m-13-10,canonical-24m-2x2,2232,1776,553351.0201603135,4183139.0281593273,0,3.2430397657916994,true,four-finite-non-nodata-pixelisarea-neighbours,true,true,land,-3.2430397657916994
canonical-24m-14-10,canonical-24m-2x2,2256,1776,553375.035782618,4183139.183853108,0,3.422104780383343,true,four-finite-non-nodata-pixelisarea-neighbours,true,true,land,-3.422104780383343
canonical-24m-15-10,canonical-24m-2x2,2280,1776,553399.0514052267,4183139.339616964,0,3.4303966742878136,true,four-finite-non-nodata-pixelisarea-neighbours,true,true,land,-3.4303966742878136
canonical-24m-16-10,canonical-24m-2x2,2304,1776,553423.0670281397,4183139.4954508957,-0.04456676186177902,3.469667265473705,true,four-finite-non-nodata-pixelisarea-neighbours,true,true,land,-3.514234027335484
canonical-24m-17-10,canonical-24m-2x2,2328,1776,553447.0826513572,4183139.6513549024,-0.2934451707374251,3.3828714868167085,true,four-finite-non-nodata-pixelisarea-neighbours,true,true,land,-3.6763166575541337
canonical-24m-18-10,canonical-24m-2x2,2352,1776,553471.0982748794,4183139.807328985,-0.7476821206741893,3.0320999072480577,true,four-finite-non-nodata-pixelisarea-neighbours,true,true,land,-3.7797820279222467
canonical-24m-19-10,canonical-24m-2x2,2376,1776,553495.1138987063,4183139.9633731428,-0.9868668490652582,2.892846806393501,true,four-finite-non-nodata-pixelisarea-neighbours,true,true,land,-3.879713655458759
canonical-24m-20-10,canonical-24m-2x2,2400,1776,553519.129522838,4183140.119487376,-0.7306671060260118,2.9816631771402324,true,four-finite-non-nodata-pixelisarea-neighbours,true,true,land,-3.7123302831662444
canonical-24m-21-10,canonical-24m-2x2,2424,1776,553543.145147275,4183140.2756716846,-0.3340403937476322,2.961058738106112,true,four-finite-non-nodata-pixelisarea-neighbours,true,true,land,-3.2950991318537444
canonical-24m-22-10,canonical-24m-2x2,2448,1776,553567.160772017,4183140.4319260684,-0.031545632510370875,1.9203875811020827,true,four-finite-non-nodata-pixelisarea-neighbours,false,false,water-or-outside,-1.9519332136124536
canonical-24m-23-10,canonical-24m-2x2,2472,1776,553591.1763970621,4183140.588250528,-0.000914139658628407,-1.0700000524520874,true,four-finite-non-nodata-pixelisarea-neighbours,false,false,water-or-outside,1.069085912793459
canonical-24m-24-10,canonical-24m-2x2,2496,1776,553615.1920224149,4183140.7446450633,0,-1.0700000524520874,true,four-finite-non-nodata-pixelisarea-neighbours,false,false,water-or-outside,1.0700000524520874
canonical-24m-25-10,canonical-24m-2x2,2520,1776,553639.2076480732,4183140.9011096735,0,-1.0700000524520874,true,four-finite-non-nodata-pixelisarea-neighbours,false,false,water-or-outside,1.0700000524520874
canonical-24m-26-10,canonical-24m-2x2,2544,1776,553663.2232740374,4183141.05764436,0,4.299403457264867,true,four-finite-non-nodata-pixelisarea-neighbours,false,false,water-or-outside,-4.299403457264867
canonical-24m-27-10,canonical-24m-2x2,2568,1776,553687.2389003073,4183141.214249121,0,-1.0700000524520874,true,four-finite-non-nodata-pixelisarea-neighbours,false,false,water-or-outside,1.0700000524520874
canonical-24m-28-10,canonical-24m-2x2,2592,1776,553711.2545268832,4183141.3709239583,0,-1.0700000524520874,true,four-finite-non-nodata-pixelisarea-neighbours,false,false,water-or-outside,1.0700000524520874
canonical-24m-29-10,canonical-24m-2x2,2616,1776,553735.2701537653,4183141.527668871,0,-1.0700000524520874,true,four-finite-non-nodata-pixelisarea-neighbours,false,false,water-or-outside,1.0700000524520874
canonical-24m-30-10,canonical-24m-2x2,2640,1776,553759.2857809537,4183141.6844838588,0,-1.0700000524520874,true,four-finite-non-nodata-pixelisarea-neighbours,false,false,water-or-outside,1.0700000524520874
canonical-24m-31-10,canonical-24m-2x2,2664,1776,553783.3014084485,4183141.8413689225,0,-1.0700000524520874,true,four-finite-non-nodata-pixelisarea-neighbours,false,false,water-or-outside,1.0700000524520874
canonical-24m-32-10,canonical-24m-2x2,2688,1776,553807.3170362498,4183141.9983240613,0,-1.0700000524520874,true,four-finite-non-nodata-pixelisarea-neighbours,false,false,water-or-outside,1.0700000524520874
canonical-24m-0-11,canonical-24m-2x2,1920,1800,553038.661924983,4183161.092069067,0,3.564057050788542,true,four-finite-non-nodata-pixelisarea-neighbours,true,true,land,-3.564057050788542
canonical-24m-1-11,canonical-24m-2x2,1944,1800,553062.6774730773,4183161.246852172,0,4.183160741402968,true,four-finite-non-nodata-pixelisarea-neighbours,true,true,land,-4.183160741402968
canonical-24m-2-11,canonical-24m-2x2,1968,1800,553086.693021474,4183161.401705352,0,2.5049806679182223,true,four-finite-non-nodata-pixelisarea-neighbours,true,true,land,-2.5049806679182223
canonical-24m-3-11,canonical-24m-2x2,1992,1800,553110.7085701734,4183161.556628608,0,3.1199794428958074,true,four-finite-non-nodata-pixelisarea-neighbours,true,true,land,-3.1199794428958074
canonical-24m-4-11,canonical-24m-2x2,2016,1800,553134.7241191753,4183161.7116219387,0,3.3309624774770574,true,four-finite-non-nodata-pixelisarea-neighbours,true,true,land,-3.3309624774770574
canonical-24m-5-11,canonical-24m-2x2,2040,1800,553158.7396684801,4183161.8666853453,0,3.5802768943943164,true,four-finite-non-nodata-pixelisarea-neighbours,true,true,land,-3.5802768943943164
canonical-24m-6-11,canonical-24m-2x2,2064,1800,553182.7552180879,4183162.021818827,0,3.6603630323586795,true,four-finite-non-nodata-pixelisarea-neighbours,true,true,land,-3.6603630323586795
canonical-24m-7-11,canonical-24m-2x2,2088,1800,553206.7707679988,4183162.1770223845,0,3.694644615883036,true,four-finite-non-nodata-pixelisarea-neighbours,true,true,land,-3.694644615883036
canonical-24m-8-11,canonical-24m-2x2,2112,1800,553230.7863182107,4183162.3322960176,0,3.609451953145619,true,four-finite-non-nodata-pixelisarea-neighbours,true,true,land,-3.609451953145619
canonical-24m-9-11,canonical-24m-2x2,2136,1800,553254.8018687282,4183162.4876397257,0,3.103323925791535,true,four-finite-non-nodata-pixelisarea-neighbours,true,true,land,-3.103323925791535
canonical-24m-10-11,canonical-24m-2x2,2160,1800,553278.8174195493,4183162.6430535093,0,3.301426014460478,true,four-finite-non-nodata-pixelisarea-neighbours,true,true,land,-3.301426014460478
canonical-24m-11-11,canonical-24m-2x2,2184,1800,553302.832970674,4183162.7985373684,0,3.1361614578360353,true,four-finite-non-nodata-pixelisarea-neighbours,true,true,land,-3.1361614578360353
canonical-24m-12-11,canonical-24m-2x2,2208,1800,553326.8485221048,4183162.9540913035,0,3.3422787376478,true,four-finite-non-nodata-pixelisarea-neighbours,true,true,land,-3.3422787376478
canonical-24m-13-11,canonical-24m-2x2,2232,1800,553350.864073835,4183163.109715314,0,3.092205705202173,true,four-finite-non-nodata-pixelisarea-neighbours,true,true,land,-3.092205705202173
canonical-24m-14-11,canonical-24m-2x2,2256,1800,553374.8796258715,4183163.2654093998,0,4.218510367921278,true,four-finite-non-nodata-pixelisarea-neighbours,true,true,land,-4.218510367921278
canonical-24m-15-11,canonical-24m-2x2,2280,1800,553398.8951782123,4183163.421173561,0,3.5071198623428677,true,four-finite-non-nodata-pixelisarea-neighbours,true,true,land,-3.5071198623428677
canonical-24m-16-11,canonical-24m-2x2,2304,1800,553422.9107308574,4183163.5770077975,-0.06250909086046792,3.510317793619704,true,four-finite-non-nodata-pixelisarea-neighbours,true,true,land,-3.572826884480172
canonical-24m-17-11,canonical-24m-2x2,2328,1800,553446.9262838069,4183163.7329121097,-0.35891585066035486,3.361240220425598,true,four-finite-non-nodata-pixelisarea-neighbours,true,true,land,-3.7201560710859525
canonical-24m-18-11,canonical-24m-2x2,2352,1800,553470.9418370611,4183163.888886498,-0.7209759153474773,3.087213950140504,true,four-finite-non-nodata-pixelisarea-neighbours,true,true,land,-3.8081898654879813
canonical-24m-19-11,canonical-24m-2x2,2376,1800,553494.95739062,4183164.044930961,-0.8044612160410793,3.3957140598891966,true,four-finite-non-nodata-pixelisarea-neighbours,true,true,land,-4.200175275930276
canonical-24m-20-11,canonical-24m-2x2,2400,1800,553518.9729444839,4183164.2010455,-0.5073382625940326,3.1611529478864746,true,four-finite-non-nodata-pixelisarea-neighbours,true,true,land,-3.668491210480507
canonical-24m-21-11,canonical-24m-2x2,2424,1800,553542.9884986527,4183164.3572301148,-0.1329706766073203,4.483364276309292,true,four-finite-non-nodata-pixelisarea-neighbours,false,false,water-or-outside,-4.616334952916612
canonical-24m-22-11,canonical-24m-2x2,2448,1800,553567.0040531267,4183164.513484805,0,-1.0700000524520874,true,four-finite-non-nodata-pixelisarea-neighbours,false,false,water-or-outside,1.0700000524520874
canonical-24m-23-11,canonical-24m-2x2,2472,1800,553591.0196079038,4183164.669809571,0,-1.0700000524520874,true,four-finite-non-nodata-pixelisarea-neighbours,false,false,water-or-outside,1.0700000524520874
canonical-24m-24-11,canonical-24m-2x2,2496,1800,553615.0351629886,4183164.826204412,0,-1.0700000524520874,true,four-finite-non-nodata-pixelisarea-neighbours,false,false,water-or-outside,1.0700000524520874
canonical-24m-25-11,canonical-24m-2x2,2520,1800,553639.0507183789,4183164.9826693293,0,-1.0700000524520874,true,four-finite-non-nodata-pixelisarea-neighbours,false,false,water-or-outside,1.0700000524520874
canonical-24m-26-11,canonical-24m-2x2,2544,1800,553663.066274075,4183165.1392043214,0,-1.0700000524520874,true,four-finite-non-nodata-pixelisarea-neighbours,false,false,water-or-outside,1.0700000524520874
canonical-24m-27-11,canonical-24m-2x2,2568,1800,553687.0818300768,4183165.29580939,0,-1.0700000524520874,true,four-finite-non-nodata-pixelisarea-neighbours,false,false,water-or-outside,1.0700000524520874
canonical-24m-28-11,canonical-24m-2x2,2592,1800,553711.0973863847,4183165.4524845337,0,-1.0700000524520874,true,four-finite-non-nodata-pixelisarea-neighbours,false,false,water-or-outside,1.0700000524520874
canonical-24m-29-11,canonical-24m-2x2,2616,1800,553735.1129429986,4183165.6092297533,0,-1.0700000524520874,true,four-finite-non-nodata-pixelisarea-neighbours,false,false,water-or-outside,1.0700000524520874
canonical-24m-30-11,canonical-24m-2x2,2640,1800,553759.128499919,4183165.766045049,0,-1.0700000524520874,true,four-finite-non-nodata-pixelisarea-neighbours,false,false,water-or-outside,1.0700000524520874
canonical-24m-31-11,canonical-24m-2x2,2664,1800,553783.1440571456,4183165.9229304194,0,-1.0700000524520874,true,four-finite-non-nodata-pixelisarea-neighbours,false,false,water-or-outside,1.0700000524520874
canonical-24m-32-11,canonical-24m-2x2,2688,1800,553807.1596146788,4183166.079885866,0,-1.0700000524520874,true,four-finite-non-nodata-pixelisarea-neighbours,false,false,water-or-outside,1.0700000524520874
canonical-24m-0-12,canonical-24m-2x2,1920,1824,553038.5067512232,4183185.1736219795,0,3.246189927293682,true,four-finite-non-nodata-pixelisarea-neighbours,true,true,land,-3.246189927293682
canonical-24m-1-12,canonical-24m-2x2,1944,1824,553062.5222290494,4183185.3284053877,0,3.355220805534157,true,four-finite-non-nodata-pixelisarea-neighbours,true,true,land,-3.355220805534157
canonical-24m-2-12,canonical-24m-2x2,1968,1824,553086.5377071779,4183185.483258871,0,3.2800394363147922,true,four-finite-non-nodata-pixelisarea-neighbours,true,true,land,-3.2800394363147922
canonical-24m-3-12,canonical-24m-2x2,1992,1824,553110.5531856089,4183185.6381824305,0,3.4634766779096458,true,four-finite-non-nodata-pixelisarea-neighbours,true,true,land,-3.4634766779096458
canonical-24m-4-12,canonical-24m-2x2,2016,1824,553134.5686643427,4183185.793176065,0,3.2439545777280605,true,four-finite-non-nodata-pixelisarea-neighbours,true,true,land,-3.2439545777280605
canonical-24m-5-12,canonical-24m-2x2,2040,1824,553158.5841433794,4183185.9482397754,0,3.624264673778572,true,four-finite-non-nodata-pixelisarea-neighbours,true,true,land,-3.624264673778572
canonical-24m-6-12,canonical-24m-2x2,2064,1824,553182.599622719,4183186.103373561,0,3.7060565232647633,true,four-finite-non-nodata-pixelisarea-neighbours,true,true,land,-3.7060565232647633
canonical-24m-7-12,canonical-24m-2x2,2088,1824,553206.6151023617,4183186.2585774222,0,3.67990703172784,true,four-finite-non-nodata-pixelisarea-neighbours,true,true,land,-3.67990703172784
canonical-24m-8-12,canonical-24m-2x2,2112,1824,553230.6305823054,4183186.4138513594,0,3.7047744919794185,true,four-finite-non-nodata-pixelisarea-neighbours,true,true,land,-3.7047744919794185
canonical-24m-9-12,canonical-24m-2x2,2136,1824,553254.6460625547,4183186.569195372,0,3.6051103079894773,true,four-finite-non-nodata-pixelisarea-neighbours,true,true,land,-3.6051103079894773
canonical-24m-10-12,canonical-24m-2x2,2160,1824,553278.6615431075,4183186.72460946,0,3.130142472619828,true,four-finite-non-nodata-pixelisarea-neighbours,true,true,land,-3.130142472619828
canonical-24m-11-12,canonical-24m-2x2,2184,1824,553302.677023964,4183186.880093624,0,3.271542612615644,true,four-finite-non-nodata-pixelisarea-neighbours,true,true,land,-3.271542612615644
canonical-24m-12-12,canonical-24m-2x2,2208,1824,553326.6925051265,4183187.0356478635,0,3.1813729955004613,true,four-finite-non-nodata-pixelisarea-neighbours,true,true,land,-3.1813729955004613
canonical-24m-13-12,canonical-24m-2x2,2232,1824,553350.7079865884,4183187.191272178,0,4.0831077012690935,true,four-finite-non-nodata-pixelisarea-neighbours,true,true,land,-4.0831077012690935
canonical-24m-14-12,canonical-24m-2x2,2256,1824,553374.7234683566,4183187.346966569,0,3.0557722447076405,true,four-finite-non-nodata-pixelisarea-neighbours,true,true,land,-3.0557722447076405
canonical-24m-15-12,canonical-24m-2x2,2280,1824,553398.738950429,4183187.5027310355,0,3.5770856639372055,true,four-finite-non-nodata-pixelisarea-neighbours,true,true,land,-3.5770856639372055
canonical-24m-16-12,canonical-24m-2x2,2304,1824,553422.7544328058,4183187.658565577,-0.04970875577970407,3.4760503251073986,true,four-finite-non-nodata-pixelisarea-neighbours,true,true,land,-3.5257590808871027
canonical-24m-17-12,canonical-24m-2x2,2328,1824,553446.769915487,4183187.814470195,-0.2978316022648869,3.1391371270890547,true,four-finite-non-nodata-pixelisarea-neighbours,true,true,land,-3.4369687293539415
canonical-24m-18-12,canonical-24m-2x2,2352,1824,553470.7853984729,4183187.970444889,-0.6265586350763844,3.903521462023667,true,four-finite-non-nodata-pixelisarea-neighbours,true,true,land,-4.530080097100051
canonical-24m-19-12,canonical-24m-2x2,2376,1824,553494.8008817635,4183188.126489658,-0.6204964930453711,4.841331793758963,true,four-finite-non-nodata-pixelisarea-neighbours,true,true,land,-5.461828286804334
canonical-24m-20-12,canonical-24m-2x2,2400,1824,553518.816365359,4183188.2826045025,-0.3914514904859061,3.649178009437551,true,four-finite-non-nodata-pixelisarea-neighbours,true,true,land,-4.040629499923457
canonical-24m-21-12,canonical-24m-2x2,2424,1824,553542.8318492594,4183188.438789423,-0.022080533048241,-1.0700000524520874,true,four-finite-non-nodata-pixelisarea-neighbours,true,true,land,1.0479195194038464
canonical-24m-22-12,canonical-24m-2x2,2448,1824,553566.8473334651,4183188.595044419,0,-1.0700000524520874,true,four-finite-non-nodata-pixelisarea-neighbours,false,false,water-or-outside,1.0700000524520874
canonical-24m-23-12,canonical-24m-2x2,2472,1824,553590.8628179738,4183188.7513694908,0,-1.0700000524520874,true,four-finite-non-nodata-pixelisarea-neighbours,false,false,water-or-outside,1.0700000524520874
canonical-24m-24-12,canonical-24m-2x2,2496,1824,553614.8783027902,4183188.907764639,0,-1.0700000524520874,true,four-finite-non-nodata-pixelisarea-neighbours,false,false,water-or-outside,1.0700000524520874
canonical-24m-25-12,canonical-24m-2x2,2520,1824,553638.8937879122,4183189.0642298623,0,-1.0700000524520874,true,four-finite-non-nodata-pixelisarea-neighbours,false,false,water-or-outside,1.0700000524520874
canonical-24m-26-12,canonical-24m-2x2,2544,1824,553662.9092733398,4183189.2207651613,0,-1.0700000524520874,true,four-finite-non-nodata-pixelisarea-neighbours,false,false,water-or-outside,1.0700000524520874
canonical-24m-27-12,canonical-24m-2x2,2568,1824,553686.9247590733,4183189.3773705363,0,-1.0700000524520874,true,four-finite-non-nodata-pixelisarea-neighbours,false,false,water-or-outside,1.0700000524520874
canonical-24m-28-12,canonical-24m-2x2,2592,1824,553710.9402451128,4183189.5340459873,0,-1.0700000524520874,true,four-finite-non-nodata-pixelisarea-neighbours,false,false,water-or-outside,1.0700000524520874
canonical-24m-29-12,canonical-24m-2x2,2616,1824,553734.9557314584,4183189.690791514,0,-0.9533252268664613,true,four-finite-non-nodata-pixelisarea-neighbours,false,false,water-or-outside,0.9533252268664613
canonical-24m-30-12,canonical-24m-2x2,2640,1824,553758.9712181102,4183189.8476071167,0,-1.0700000524520874,true,four-finite-non-nodata-pixelisarea-neighbours,false,false,water-or-outside,1.0700000524520874
canonical-24m-31-12,canonical-24m-2x2,2664,1824,553782.9867050684,4183190.0044927946,0,-1.0700000524520874,true,four-finite-non-nodata-pixelisarea-neighbours,false,false,water-or-outside,1.0700000524520874
canonical-24m-32-12,canonical-24m-2x2,2688,1824,553807.0021923331,4183190.1614485485,0,-1.0700000524520874,true,four-finite-non-nodata-pixelisarea-neighbours,false,false,water-or-outside,1.0700000524520874
canonical-24m-0-13,canonical-24m-2x2,1920,1848,553038.3515766998,4183209.2551757717,0,3.742406925799483,true,four-finite-non-nodata-pixelisarea-neighbours,true,true,land,-3.742406925799483
canonical-24m-1-13,canonical-24m-2x2,1944,1848,553062.3669842574,4183209.4099594834,0,3.714720864791135,true,four-finite-non-nodata-pixelisarea-neighbours,true,true,land,-3.714720864791135
canonical-24m-2-13,canonical-24m-2x2,1968,1848,553086.3823921174,4183209.56481327,0,3.743591370669099,true,four-finite-non-nodata-pixelisarea-neighbours,true,true,land,-3.743591370669099
canonical-24m-3-13,canonical-24m-2x2,1992,1848,553110.39780028,4183209.7197371325,0,3.403091081863516,true,four-finite-non-nodata-pixelisarea-neighbours,true,true,land,-3.403091081863516
canonical-24m-4-13,canonical-24m-2x2,2016,1848,553134.4132087452,4183209.874731071,0,3.2736406576463732,true,four-finite-non-nodata-pixelisarea-neighbours,true,true,land,-3.2736406576463732
canonical-24m-5-13,canonical-24m-2x2,2040,1848,553158.4286175133,4183210.0297950846,0,3.634422446676925,true,four-finite-non-nodata-pixelisarea-neighbours,true,true,land,-3.634422446676925
canonical-24m-6-13,canonical-24m-2x2,2064,1848,553182.4440265843,4183210.1849291744,0,3.6985218321007167,true,four-finite-non-nodata-pixelisarea-neighbours,true,true,land,-3.6985218321007167
canonical-24m-7-13,canonical-24m-2x2,2088,1848,553206.4594359584,4183210.34013334,0,3.703525716643292,true,four-finite-non-nodata-pixelisarea-neighbours,true,true,land,-3.703525716643292
canonical-24m-8-13,canonical-24m-2x2,2112,1848,553230.4748456336,4183210.495407581,0,3.643333789767797,true,four-finite-non-nodata-pixelisarea-neighbours,true,true,land,-3.643333789767797
canonical-24m-9-13,canonical-24m-2x2,2136,1848,553254.4902556143,4183210.650751898,0,3.3979066138680096,true,four-finite-non-nodata-pixelisarea-neighbours,true,true,land,-3.3979066138680096
canonical-24m-10-13,canonical-24m-2x2,2160,1848,553278.5056658986,4183210.8061662903,0,3.3810516264063217,true,four-finite-non-nodata-pixelisarea-neighbours,true,true,land,-3.3810516264063217
canonical-24m-11-13,canonical-24m-2x2,2184,1848,553302.5210764863,4183210.961650759,0,3.325850065561777,true,four-finite-non-nodata-pixelisarea-neighbours,true,true,land,-3.325850065561777
canonical-24m-12-13,canonical-24m-2x2,2208,1848,553326.5364873803,4183211.1172053027,0,3.3318245565672147,true,four-finite-non-nodata-pixelisarea-neighbours,true,true,land,-3.3318245565672147
canonical-24m-13-13,canonical-24m-2x2,2232,1848,553350.5518985735,4183211.272829923,0,2.802171582298543,true,four-finite-non-nodata-pixelisarea-neighbours,true,true,land,-2.802171582298543
canonical-24m-14-13,canonical-24m-2x2,2256,1848,553374.5673100732,4183211.4285246185,0,3.4276297205884516,true,four-finite-non-nodata-pixelisarea-neighbours,true,true,land,-3.4276297205884516
canonical-24m-15-13,canonical-24m-2x2,2280,1848,553398.582721877,4183211.5842893897,-0.03795237252882631,3.6457519179123983,true,four-finite-non-nodata-pixelisarea-neighbours,true,true,land,-3.6837042904412245
canonical-24m-16-13,canonical-24m-2x2,2304,1848,553422.5981339851,4183211.740124237,-0.1912271369450764,3.0408987102454406,true,four-finite-non-nodata-pixelisarea-neighbours,true,true,land,-3.2321258471905168
canonical-24m-17-13,canonical-24m-2x2,2328,1848,553446.6135463977,4183211.8960291604,-0.40771180788316397,3.37581912083498,true,four-finite-non-nodata-pixelisarea-neighbours,true,true,land,-3.783530928718144
canonical-24m-18-13,canonical-24m-2x2,2352,1848,553470.6289591149,4183212.052004159,-0.6622612249887471,3.3309459257410055,true,four-finite-non-nodata-pixelisarea-neighbours,true,true,land,-3.9932071507297526
canonical-24m-19-13,canonical-24m-2x2,2376,1848,553494.6443721368,4183212.2080492335,-0.5769993188386707,4.384617837332126,true,four-finite-non-nodata-pixelisarea-neighbours,true,true,land,-4.961617156170797
canonical-24m-20-13,canonical-24m-2x2,2400,1848,553518.6597854636,4183212.3641643845,-0.3683760248109593,-1.0700000524520874,true,four-finite-non-nodata-pixelisarea-neighbours,true,true,land,0.7016240276411281
canonical-24m-21-13,canonical-24m-2x2,2424,1848,553542.6751990954,4183212.520349611,0,-1.0700000524520874,true,four-finite-non-nodata-pixelisarea-neighbours,true,true,land,1.0700000524520874
canonical-24m-22-13,canonical-24m-2x2,2448,1848,553566.6906130323,4183212.676604913,0,-1.0700000524520874,true,four-finite-non-nodata-pixelisarea-neighbours,false,false,water-or-outside,1.0700000524520874
canonical-24m-23-13,canonical-24m-2x2,2472,1848,553590.7060272724,4183212.8329302915,0,-1.0700000524520874,true,four-finite-non-nodata-pixelisarea-neighbours,false,false,water-or-outside,1.0700000524520874
canonical-24m-24-13,canonical-24m-2x2,2496,1848,553614.72144182,4183212.989325745,0,-1.0700000524520874,true,four-finite-non-nodata-pixelisarea-neighbours,false,false,water-or-outside,1.0700000524520874
canonical-24m-25-13,canonical-24m-2x2,2520,1848,553638.7368566731,4183213.145791275,0,-1.0700000524520874,true,four-finite-non-nodata-pixelisarea-neighbours,false,false,water-or-outside,1.0700000524520874
canonical-24m-26-13,canonical-24m-2x2,2544,1848,553662.7522718321,4183213.3023268813,0,-1.0700000524520874,true,four-finite-non-nodata-pixelisarea-neighbours,false,false,water-or-outside,1.0700000524520874
canonical-24m-27-13,canonical-24m-2x2,2568,1848,553686.7676872967,4183213.458932563,0,-1.0700000524520874,true,four-finite-non-nodata-pixelisarea-neighbours,false,false,water-or-outside,1.0700000524520874
canonical-24m-28-13,canonical-24m-2x2,2592,1848,553710.7831030674,4183213.6156083206,0,-1.0700000524520874,true,four-finite-non-nodata-pixelisarea-neighbours,false,false,water-or-outside,1.0700000524520874
canonical-24m-29-13,canonical-24m-2x2,2616,1848,553734.7985191443,4183213.7723541544,0,-1.0700000524520874,true,four-finite-non-nodata-pixelisarea-neighbours,false,false,water-or-outside,1.0700000524520874
canonical-24m-30-13,canonical-24m-2x2,2640,1848,553758.8139355273,4183213.9291700637,0,-1.0700000524520874,true,four-finite-non-nodata-pixelisarea-neighbours,false,false,water-or-outside,1.0700000524520874
canonical-24m-31-13,canonical-24m-2x2,2664,1848,553782.8293522167,4183214.086056049,0,-1.0700000524520874,true,four-finite-non-nodata-pixelisarea-neighbours,false,false,water-or-outside,1.0700000524520874
canonical-24m-32-13,canonical-24m-2x2,2688,1848,553806.8447692127,4183214.2430121107,0,-1.0700000524520874,true,four-finite-non-nodata-pixelisarea-neighbours,false,false,water-or-outside,1.0700000524520874
canonical-24m-0-14,canonical-24m-2x2,1920,1872,553038.1964014126,4183233.3367304443,0,3.7112118334143926,true,four-finite-non-nodata-pixelisarea-neighbours,true,true,land,-3.7112118334143926
canonical-24m-1-14,canonical-24m-2x2,1944,1872,553062.2117387014,4183233.491514459,0,3.7588842761974104,true,four-finite-non-nodata-pixelisarea-neighbours,true,true,land,-3.7588842761974104
canonical-24m-2-14,canonical-24m-2x2,1968,1872,553086.2270762925,4183233.6463685487,0,3.7161783484774906,true,four-finite-non-nodata-pixelisarea-neighbours,true,true,land,-3.7161783484774906
canonical-24m-3-14,canonical-24m-2x2,1992,1872,553110.2424141862,4183233.801292715,0,3.175871545980397,true,four-finite-non-nodata-pixelisarea-neighbours,true,true,land,-3.175871545980397
canonical-24m-4-14,canonical-24m-2x2,2016,1872,553134.2577523827,4183233.9562869566,0,3.600079455299416,true,four-finite-non-nodata-pixelisarea-neighbours,true,true,land,-3.600079455299416
canonical-24m-5-14,canonical-24m-2x2,2040,1872,553158.2730908819,4183234.1113512744,0,3.7005442759582907,true,four-finite-non-nodata-pixelisarea-neighbours,true,true,land,-3.7005442759582907
canonical-24m-6-14,canonical-24m-2x2,2064,1872,553182.288429684,4183234.266485668,0,3.2790395865728357,true,four-finite-non-nodata-pixelisarea-neighbours,true,true,land,-3.2790395865728357
canonical-24m-7-14,canonical-24m-2x2,2088,1872,553206.3037687892,4183234.421690137,0,3.7610245334135475,true,four-finite-non-nodata-pixelisarea-neighbours,true,true,land,-3.7610245334135475
canonical-24m-8-14,canonical-24m-2x2,2112,1872,553230.3191081954,4183234.5769646824,0,3.394353790075817,true,four-finite-non-nodata-pixelisarea-neighbours,true,true,land,-3.394353790075817
canonical-24m-9-14,canonical-24m-2x2,2136,1872,553254.3344479072,4183234.7323093037,0,3.0769664047553187,true,four-finite-non-nodata-pixelisarea-neighbours,true,true,land,-3.0769664047553187
canonical-24m-10-14,canonical-24m-2x2,2160,1872,553278.3497879225,4183234.8877240005,0,3.0917348953510864,true,four-finite-non-nodata-pixelisarea-neighbours,true,true,land,-3.0917348953510864
canonical-24m-11-14,canonical-24m-2x2,2184,1872,553302.3651282414,4183235.0432087732,0,3.875573526321309,true,four-finite-non-nodata-pixelisarea-neighbours,true,true,land,-3.875573526321309
canonical-24m-12-14,canonical-24m-2x2,2208,1872,553326.3804688663,4183235.1987636224,0,2.8064655732148367,true,four-finite-non-nodata-pixelisarea-neighbours,true,true,land,-2.8064655732148367
canonical-24m-13-14,canonical-24m-2x2,2232,1872,553350.3958097907,4183235.354388547,0,3.196616016943963,true,four-finite-non-nodata-pixelisarea-neighbours,true,true,land,-3.196616016943963
canonical-24m-14-14,canonical-24m-2x2,2256,1872,553374.4111510213,4183235.5100835473,0,3.4149542819772276,true,four-finite-non-nodata-pixelisarea-neighbours,true,true,land,-3.4149542819772276
canonical-24m-15-14,canonical-24m-2x2,2280,1872,553398.4264925561,4183235.6658486244,-0.06980150641929395,3.013858507785009,true,four-finite-non-nodata-pixelisarea-neighbours,true,true,land,-3.083660014204303
canonical-24m-16-14,canonical-24m-2x2,2304,1872,553422.4418343953,4183235.821683777,-0.32984210566153427,3.225153809256935,true,four-finite-non-nodata-pixelisarea-neighbours,true,true,land,-3.5549959149184693
canonical-24m-17-14,canonical-24m-2x2,2328,1872,553446.4571765388,4183235.977589005,-0.5955387839589321,3.4130045046905693,true,four-finite-non-nodata-pixelisarea-neighbours,true,true,land,-4.008543288649501
canonical-24m-18-14,canonical-24m-2x2,2352,1872,553470.472518987,4183236.1335643097,-0.8033241798660717,3.4531457744438976,true,four-finite-non-nodata-pixelisarea-neighbours,true,true,land,-4.256469954309969
canonical-24m-19-14,canonical-24m-2x2,2376,1872,553494.4878617399,4183236.2896096897,-0.5689794596446833,3.48781036214329,true,four-finite-non-nodata-pixelisarea-neighbours,true,true,land,-4.056789821787973
canonical-24m-20-14,canonical-24m-2x2,2400,1872,553518.5032047976,4183236.445725146,-0.3041534952975343,-1.0700000524520874,true,four-finite-non-nodata-pixelisarea-neighbours,false,false,water-or-outside,0.7658465571545531
canonical-24m-21-14,canonical-24m-2x2,2424,1872,553542.5185481604,4183236.6019106787,0,-1.0700000524520874,true,four-finite-non-nodata-pixelisarea-neighbours,false,false,water-or-outside,1.0700000524520874
canonical-24m-22-14,canonical-24m-2x2,2448,1872,553566.5338918283,4183236.7581662866,0,-1.0700000524520874,true,four-finite-non-nodata-pixelisarea-neighbours,false,false,water-or-outside,1.0700000524520874
canonical-24m-23-14,canonical-24m-2x2,2472,1872,553590.5492357992,4183236.9144919715,0,-1.0700000524520874,true,four-finite-non-nodata-pixelisarea-neighbours,false,false,water-or-outside,1.0700000524520874
canonical-24m-24-14,canonical-24m-2x2,2496,1872,553614.5645800778,4183237.0708877314,0,-1.0700000524520874,true,four-finite-non-nodata-pixelisarea-neighbours,false,false,water-or-outside,1.0700000524520874
canonical-24m-25-14,canonical-24m-2x2,2520,1872,553638.5799246619,4183237.2273535677,0,-1.0700000524520874,true,four-finite-non-nodata-pixelisarea-neighbours,false,false,water-or-outside,1.0700000524520874
canonical-24m-26-14,canonical-24m-2x2,2544,1872,553662.5952695517,4183237.3838894805,0,-1.0700000524520874,true,four-finite-non-nodata-pixelisarea-neighbours,false,false,water-or-outside,1.0700000524520874
canonical-24m-27-14,canonical-24m-2x2,2568,1872,553686.6106147473,4183237.5404954692,0,-1.0700000524520874,true,four-finite-non-nodata-pixelisarea-neighbours,false,false,water-or-outside,1.0700000524520874
canonical-24m-28-14,canonical-24m-2x2,2592,1872,553710.6259602489,4183237.6971715335,0,-1.0700000524520874,true,four-finite-non-nodata-pixelisarea-neighbours,false,false,water-or-outside,1.0700000524520874
canonical-24m-29-14,canonical-24m-2x2,2616,1872,553734.6413060566,4183237.853917674,0,-1.0700000524520874,true,four-finite-non-nodata-pixelisarea-neighbours,false,false,water-or-outside,1.0700000524520874
canonical-24m-30-14,canonical-24m-2x2,2640,1872,553758.6566521705,4183238.010733891,0,-1.0700000524520874,true,four-finite-non-nodata-pixelisarea-neighbours,false,false,water-or-outside,1.0700000524520874
canonical-24m-31-14,canonical-24m-2x2,2664,1872,553782.6719985907,4183238.1676201834,0,-1.0700000524520874,true,four-finite-non-nodata-pixelisarea-neighbours,false,false,water-or-outside,1.0700000524520874
canonical-24m-32-14,canonical-24m-2x2,2688,1872,553806.6873453176,4183238.3245765525,0,-1.0700000524520874,true,four-finite-non-nodata-pixelisarea-neighbours,false,false,water-or-outside,1.0700000524520874
canonical-24m-0-15,canonical-24m-2x2,1920,1896,553038.0412253619,4183257.4182859967,0.3708032448945009,3.597134526147843,true,four-finite-non-nodata-pixelisarea-neighbours,true,true,land,-3.2263312812533425
canonical-24m-1-15,canonical-24m-2x2,1944,1896,553062.0564923814,4183257.573070314,0.17951082695355564,3.7882454435253514,true,four-finite-non-nodata-pixelisarea-neighbours,true,true,land,-3.608734616571796
canonical-24m-2-15,canonical-24m-2x2,1968,1896,553086.0717597033,4183257.7279247073,0.03623993532496667,3.7327335286875845,true,four-finite-non-nodata-pixelisarea-neighbours,true,true,land,-3.696493593362618
canonical-24m-3-15,canonical-24m-2x2,1992,1896,553110.0870273279,4183257.8828491773,0,3.3435719812396076,true,four-finite-non-nodata-pixelisarea-neighbours,true,true,land,-3.3435719812396076
canonical-24m-4-15,canonical-24m-2x2,2016,1896,553134.102295255,4183258.0378437224,0,3.702435090667829,true,four-finite-non-nodata-pixelisarea-neighbours,true,true,land,-3.702435090667829
canonical-24m-5-15,canonical-24m-2x2,2040,1896,553158.1175634849,4183258.192908344,0,3.7529861363947274,true,four-finite-non-nodata-pixelisarea-neighbours,true,true,land,-3.7529861363947274
canonical-24m-6-15,canonical-24m-2x2,2064,1896,553182.1328320178,4183258.348043041,0,3.4250618106347392,true,four-finite-non-nodata-pixelisarea-neighbours,true,true,land,-3.4250618106347392
canonical-24m-7-15,canonical-24m-2x2,2088,1896,553206.1481008539,4183258.5032478147,0,3.547162717554512,true,four-finite-non-nodata-pixelisarea-neighbours,true,true,land,-3.547162717554512
canonical-24m-8-15,canonical-24m-2x2,2112,1896,553230.1633699908,4183258.658522664,0,2.8341840807768506,true,four-finite-non-nodata-pixelisarea-neighbours,true,true,land,-2.8341840807768506
canonical-24m-9-15,canonical-24m-2x2,2136,1896,553254.1786394333,4183258.8138675895,0,2.8510289948444307,true,four-finite-non-nodata-pixelisarea-neighbours,true,true,land,-2.8510289948444307
canonical-24m-10-15,canonical-24m-2x2,2160,1896,553278.1939091793,4183258.969282591,0,3.8966936454397496,true,four-finite-non-nodata-pixelisarea-neighbours,true,true,land,-3.8966936454397496
canonical-24m-11-15,canonical-24m-2x2,2184,1896,553302.209179229,4183259.124767668,0,2.7992837864363675,true,four-finite-non-nodata-pixelisarea-neighbours,true,true,land,-2.7992837864363675
canonical-24m-12-15,canonical-24m-2x2,2208,1896,553326.2244495846,4183259.280322822,0,3.1680985517251687,true,four-finite-non-nodata-pixelisarea-neighbours,true,true,land,-3.1680985517251687
canonical-24m-13-15,canonical-24m-2x2,2232,1896,553350.2397202397,4183259.435948051,-0.0218706250393396,3.3621585255124433,true,four-finite-non-nodata-pixelisarea-neighbours,true,true,land,-3.384029150551783
canonical-24m-14-15,canonical-24m-2x2,2256,1896,553374.2549912009,4183259.5916433563,-0.08563476435298803,2.9659725498956537,true,four-finite-non-nodata-pixelisarea-neighbours,true,true,land,-3.051607314248642
canonical-24m-15-15,canonical-24m-2x2,2280,1896,553398.2702624664,4183259.747408738,-0.2270320868095317,3.110534266716705,true,four-finite-non-nodata-pixelisarea-neighbours,true,true,land,-3.337566353526237
canonical-24m-16-15,canonical-24m-2x2,2304,1896,553422.2855340362,4183259.903244196,-0.5505360636613612,3.4061300653634126,true,four-finite-non-nodata-pixelisarea-neighbours,true,true,land,-3.9566661290247738
canonical-24m-17-15,canonical-24m-2x2,2328,1896,553446.3008059104,4183260.05914973,-0.763627677602887,3.4923869066563205,true,four-finite-non-nodata-pixelisarea-neighbours,true,true,land,-4.256014584259208
canonical-24m-18-15,canonical-24m-2x2,2352,1896,553470.3160780892,4183260.2151253396,-0.8447320861743468,3.4404679700497884,true,four-finite-non-nodata-pixelisarea-neighbours,true,true,land,-4.285200056224135
canonical-24m-19-15,canonical-24m-2x2,2376,1896,553494.3313505728,4183260.3711710256,-0.4993574842831777,3.4413190760652874,true,four-finite-non-nodata-pixelisarea-neighbours,true,true,land,-3.9406765603484653
canonical-24m-20-15,canonical-24m-2x2,2400,1896,553518.3466233611,4183260.5272867875,-0.21536966704445626,3.3518287433455676,true,four-finite-non-nodata-pixelisarea-neighbours,true,true,land,-3.5671984103900236
canonical-24m-21-15,canonical-24m-2x2,2424,1896,553542.3618964545,4183260.683472626,0,-1.0700000524520874,true,four-finite-non-nodata-pixelisarea-neighbours,false,false,water-or-outside,1.0700000524520874
canonical-24m-22-15,canonical-24m-2x2,2448,1896,553566.377169853,4183260.8397285403,0,-1.0700000524520874,true,four-finite-non-nodata-pixelisarea-neighbours,false,false,water-or-outside,1.0700000524520874
canonical-24m-23-15,canonical-24m-2x2,2472,1896,553590.3924435545,4183260.9960545306,0,-1.0700000524520874,true,four-finite-non-nodata-pixelisarea-neighbours,false,false,water-or-outside,1.0700000524520874
canonical-24m-24-15,canonical-24m-2x2,2496,1896,553614.4077175637,4183261.152450598,0,-1.0700000524520874,true,four-finite-non-nodata-pixelisarea-neighbours,false,false,water-or-outside,1.0700000524520874
canonical-24m-25-15,canonical-24m-2x2,2520,1896,553638.4229918784,4183261.30891674,0,-1.0700000524520874,true,four-finite-non-nodata-pixelisarea-neighbours,false,false,water-or-outside,1.0700000524520874
canonical-24m-26-15,canonical-24m-2x2,2544,1896,553662.4382664987,4183261.4654529593,0,-1.0700000524520874,true,four-finite-non-nodata-pixelisarea-neighbours,false,false,water-or-outside,1.0700000524520874
canonical-24m-27-15,canonical-24m-2x2,2568,1896,553686.4535414248,4183261.6220592544,0,-1.0700000524520874,true,four-finite-non-nodata-pixelisarea-neighbours,false,false,water-or-outside,1.0700000524520874
canonical-24m-28-15,canonical-24m-2x2,2592,1896,553710.468816657,4183261.7787356265,0,-1.0700000524520874,true,four-finite-non-nodata-pixelisarea-neighbours,false,false,water-or-outside,1.0700000524520874
canonical-24m-29-15,canonical-24m-2x2,2616,1896,553734.4840921952,4183261.9354820736,0,-1.0700000524520874,true,four-finite-non-nodata-pixelisarea-neighbours,false,false,water-or-outside,1.0700000524520874
canonical-24m-30-15,canonical-24m-2x2,2640,1896,553758.4993680397,4183262.0922985976,0,-1.0700000524520874,true,four-finite-non-nodata-pixelisarea-neighbours,false,false,water-or-outside,1.0700000524520874
canonical-24m-31-15,canonical-24m-2x2,2664,1896,553782.5146441904,4183262.2491851975,0,-1.0700000524520874,true,four-finite-non-nodata-pixelisarea-neighbours,false,false,water-or-outside,1.0700000524520874
canonical-24m-32-15,canonical-24m-2x2,2688,1896,553806.5299206477,4183262.406141874,0,-1.0700000524520874,true,four-finite-non-nodata-pixelisarea-neighbours,false,false,water-or-outside,1.0700000524520874
canonical-24m-0-16,canonical-24m-2x2,1920,1920,553037.8860485475,4183281.4998424286,1.0363680803947315,3.3981741354435964,true,four-finite-non-nodata-pixelisarea-neighbours,true,true,land,-2.3618060550488646
canonical-24m-1-16,canonical-24m-2x2,1944,1920,553061.9012452974,4183281.6546270493,0.5185941236223341,3.3338326074167464,true,four-finite-non-nodata-pixelisarea-neighbours,true,true,land,-2.8152384837944124
canonical-24m-2-16,canonical-24m-2x2,1968,1920,553085.9164423499,4183281.8094817456,0.15160921318764825,3.501485596424985,true,four-finite-non-nodata-pixelisarea-neighbours,true,true,land,-3.349876383237337
canonical-24m-3-16,canonical-24m-2x2,1992,1920,553109.9316397049,4183281.9644065187,0.019383430269905483,3.396816784691511,true,four-finite-non-nodata-pixelisarea-neighbours,true,true,land,-3.3774333544216057
canonical-24m-4-16,canonical-24m-2x2,2016,1920,553133.9468373624,4183282.119401368,0.04091555554833215,3.725804464528508,true,four-finite-non-nodata-pixelisarea-neighbours,true,true,land,-3.684888908980176
canonical-24m-5-16,canonical-24m-2x2,2040,1920,553157.9620353228,4183282.274466293,0.1398819355417086,3.7189713805235765,true,four-finite-non-nodata-pixelisarea-neighbours,true,true,land,-3.579089444981868
canonical-24m-6-16,canonical-24m-2x2,2064,1920,553181.977233586,4183282.4296012945,0.26047990717818387,3.625749902651996,true,four-finite-non-nodata-pixelisarea-neighbours,true,true,land,-3.3652699954738123
canonical-24m-7-16,canonical-24m-2x2,2088,1920,553205.9924321524,4183282.5848063715,0.2785646645283528,3.0351671975502015,true,four-finite-non-nodata-pixelisarea-neighbours,true,true,land,-2.756602533021849
canonical-24m-8-16,canonical-24m-2x2,2112,1920,553230.0076310197,4183282.7400815245,0.18634276865454213,2.0485382547219535,true,four-finite-non-nodata-pixelisarea-neighbours,true,true,land,-1.8621954860674115
canonical-24m-9-16,canonical-24m-2x2,2136,1920,553254.0228301927,4183282.8954267544,0.06574479701806688,2.1441110305195634,true,four-finite-non-nodata-pixelisarea-neighbours,true,true,land,-2.0783662335014967
canonical-24m-10-16,canonical-24m-2x2,2160,1920,553278.0380296691,4183283.0508420602,0,3.6349978262012783,true,four-finite-non-nodata-pixelisarea-neighbours,true,true,land,-3.6349978262012783
canonical-24m-11-16,canonical-24m-2x2,2184,1920,553302.0532294491,4183283.206327442,0,2.781222882790838,true,four-finite-non-nodata-pixelisarea-neighbours,true,true,land,-2.781222882790838
canonical-24m-12-16,canonical-24m-2x2,2208,1920,553326.068429535,4183283.3618829004,0,3.332998295736048,true,four-finite-non-nodata-pixelisarea-neighbours,true,true,land,-3.332998295736048
canonical-24m-13-16,canonical-24m-2x2,2232,1920,553350.0836299204,4183283.517508434,-0.033066421281114346,2.984052515488728,true,four-finite-non-nodata-pixelisarea-neighbours,true,true,land,-3.017118936769842
canonical-24m-14-16,canonical-24m-2x2,2256,1920,553374.098830612,4183283.673204045,-0.1479060163141585,2.9497205343217017,true,four-finite-non-nodata-pixelisarea-neighbours,true,true,land,-3.09762655063586
canonical-24m-15-16,canonical-24m-2x2,2280,1920,553398.1140316079,4183283.8289697315,-0.34987227760536366,3.292065940122644,true,four-finite-non-nodata-pixelisarea-neighbours,true,true,land,-3.6419382177280077
canonical-24m-16-16,canonical-24m-2x2,2304,1920,553422.1292329079,4183283.984805495,-0.6166915237216407,3.4352759782988675,true,four-finite-non-nodata-pixelisarea-neighbours,true,true,land,-4.051967502020508
canonical-24m-17-16,canonical-24m-2x2,2328,1920,553446.1444345125,4183284.1407113336,-0.6819052820677545,3.4510429313281543,true,four-finite-non-nodata-pixelisarea-neighbours,true,true,land,-4.132948213395909
canonical-24m-18-16,canonical-24m-2x2,2352,1920,553470.1596364216,4183284.296687249,-0.6614211052931223,3.433791384412277,true,four-finite-non-nodata-pixelisarea-neighbours,true,true,land,-4.095212489705399
canonical-24m-19-16,canonical-24m-2x2,2376,1920,553494.1748386354,4183284.452733241,-0.34759781882566165,3.414121032961746,true,four-finite-non-nodata-pixelisarea-neighbours,true,true,land,-3.761718851787408
canonical-24m-20-16,canonical-24m-2x2,2400,1920,553518.190041154,4183284.608849309,-0.12658583879137297,3.432337084432725,true,four-finite-non-nodata-pixelisarea-neighbours,true,true,land,-3.558922923224098
canonical-24m-21-16,canonical-24m-2x2,2424,1920,553542.2052439777,4183284.765035453,0,3.3354697304945486,true,four-finite-non-nodata-pixelisarea-neighbours,true,true,land,-3.3354697304945486
canonical-24m-22-16,canonical-24m-2x2,2448,1920,553566.2204471064,4183284.921291673,0,-1.0700000524520874,true,four-finite-non-nodata-pixelisarea-neighbours,false,false,water-or-outside,1.0700000524520874
canonical-24m-23-16,canonical-24m-2x2,2472,1920,553590.2356505382,4183285.07761797,0,-1.0700000524520874,true,four-finite-non-nodata-pixelisarea-neighbours,false,false,water-or-outside,1.0700000524520874
canonical-24m-24-16,canonical-24m-2x2,2496,1920,553614.2508542775,4183285.234014343,0,-1.0700000524520874,true,four-finite-non-nodata-pixelisarea-neighbours,false,false,water-or-outside,1.0700000524520874
canonical-24m-25-16,canonical-24m-2x2,2520,1920,553638.2660583225,4183285.3904807926,0,-1.0700000524520874,true,four-finite-non-nodata-pixelisarea-neighbours,false,false,water-or-outside,1.0700000524520874
canonical-24m-26-16,canonical-24m-2x2,2544,1920,553662.2812626731,4183285.5470173177,0,-1.0700000524520874,true,four-finite-non-nodata-pixelisarea-neighbours,false,false,water-or-outside,1.0700000524520874
canonical-24m-27-16,canonical-24m-2x2,2568,1920,553686.2964673295,4183285.7036239197,0,-1.0700000524520874,true,four-finite-non-nodata-pixelisarea-neighbours,false,false,water-or-outside,1.0700000524520874
canonical-24m-28-16,canonical-24m-2x2,2592,1920,553710.3116722917,4183285.860300598,0,-1.0700000524520874,true,four-finite-non-nodata-pixelisarea-neighbours,false,false,water-or-outside,1.0700000524520874
canonical-24m-29-16,canonical-24m-2x2,2616,1920,553734.3268775601,4183286.0170473526,0,-1.0700000524520874,true,four-finite-non-nodata-pixelisarea-neighbours,false,false,water-or-outside,1.0700000524520874
canonical-24m-30-16,canonical-24m-2x2,2640,1920,553758.3420831348,4183286.1738641835,0,-1.0700000524520874,true,four-finite-non-nodata-pixelisarea-neighbours,false,false,water-or-outside,1.0700000524520874
canonical-24m-31-16,canonical-24m-2x2,2664,1920,553782.3572890157,4183286.330751091,0,-1.0700000524520874,true,four-finite-non-nodata-pixelisarea-neighbours,false,false,water-or-outside,1.0700000524520874
canonical-24m-32-16,canonical-24m-2x2,2688,1920,553806.3724952032,4183286.4877080745,0,-1.0700000524520874,true,four-finite-non-nodata-pixelisarea-neighbours,false,false,water-or-outside,1.0700000524520874
canonical-24m-0-17,canonical-24m-2x2,1920,1944,553037.7308709694,4183305.5813997407,1.568966258800104,4.809237295247853,true,four-finite-non-nodata-pixelisarea-neighbours,true,true,land,-3.240271036447749
canonical-24m-1-17,canonical-24m-2x2,1944,1944,553061.7459974495,4183305.7361846645,0.857499924495696,3.7077175569303034,true,four-finite-non-nodata-pixelisarea-neighbours,true,true,land,-2.8502176324346076
canonical-24m-2-17,canonical-24m-2x2,1968,1944,553085.761124232,4183305.8910396644,0.3436392273525598,3.4447064628271917,true,four-finite-non-nodata-pixelisarea-neighbours,true,true,land,-3.101067235474632
canonical-24m-3-17,canonical-24m-2x2,1992,1944,553109.776251317,4183306.0459647407,0.06752918731709102,3.39928281252927,true,four-finite-non-nodata-pixelisarea-neighbours,true,true,land,-3.331753625212179
canonical-24m-4-17,canonical-24m-2x2,2016,1944,553133.7913787047,4183306.2009598934,0.06541554233178885,3.442386837476662,true,four-finite-non-nodata-pixelisarea-neighbours,true,true,land,-3.376971295144873
canonical-24m-5-17,canonical-24m-2x2,2040,1944,553157.8065063951,4183306.356025122,0.22364239109675738,3.275334807214488,true,four-finite-non-nodata-pixelisarea-neighbours,true,true,land,-3.0516924161177306
canonical-24m-6-17,canonical-24m-2x2,2064,1944,553181.8216343885,4183306.511160427,0.4164536975299484,3.172668140567553,true,four-finite-non-nodata-pixelisarea-neighbours,true,true,land,-2.7562144430376048
canonical-24m-7-17,canonical-24m-2x2,2088,1944,553205.836762685,4183306.6663658083,0.445367498018436,3.2955570416969753,true,four-finite-non-nodata-pixelisarea-neighbours,true,true,land,-2.8501895436785394
canonical-24m-8-17,canonical-24m-2x2,2112,1944,553229.8518912824,4183306.821641266,0.2979236896036923,3.159890623457808,true,four-finite-non-nodata-pixelisarea-neighbours,true,true,land,-2.8619669338541156
canonical-24m-9-17,canonical-24m-2x2,2136,1944,553253.8670201852,4183306.9769868,0.1051123831705013,3.3522486984392845,true,four-finite-non-nodata-pixelisarea-neighbours,true,true,land,-3.2471363152687833
canonical-24m-10-17,canonical-24m-2x2,2160,1944,553277.8821493917,4183307.13240241,0,2.6998491126513287,true,four-finite-non-nodata-pixelisarea-neighbours,true,true,land,-2.6998491126513287
canonical-24m-11-17,canonical-24m-2x2,2184,1944,553301.8972789017,4183307.287888096,0,3.19104578237875,true,four-finite-non-nodata-pixelisarea-neighbours,true,true,land,-3.19104578237875
canonical-24m-12-17,canonical-24m-2x2,2208,1944,553325.9124087177,4183307.443443859,-0.04322509885024792,3.4330463521280072,true,four-finite-non-nodata-pixelisarea-neighbours,true,true,land,-3.4762714509782553
canonical-24m-13-17,canonical-24m-2x2,2232,1944,553349.927538833,4183307.5990696982,-0.17046560343706998,2.856300970638705,true,four-finite-non-nodata-pixelisarea-neighbours,true,true,land,-3.026766574075775
canonical-24m-14-17,canonical-24m-2x2,2256,1944,553373.9426692547,4183307.7547656135,-0.31842793696472477,3.2897843647273506,true,four-finite-non-nodata-pixelisarea-neighbours,true,true,land,-3.6082123016920753
canonical-24m-15-17,canonical-24m-2x2,2280,1944,553397.9577999804,4183307.910531605,-0.4497718484503054,3.4874962204659004,true,four-finite-non-nodata-pixelisarea-neighbours,true,true,land,-3.9372680689162056
canonical-24m-16-17,canonical-24m-2x2,2304,1944,553421.9729310105,4183308.0663676737,-0.5279105225076417,3.426358949637971,true,four-finite-non-nodata-pixelisarea-neighbours,true,true,land,-3.9542694721456124
canonical-24m-17-17,canonical-24m-2x2,2328,1944,553445.9880623451,4183308.222273818,-0.47107669018482035,3.436582517269457,true,four-finite-non-nodata-pixelisarea-neighbours,true,true,land,-3.9076592074542775
canonical-24m-18-17,canonical-24m-2x2,2352,1944,553470.003193984,4183308.378250039,-0.38675627759769116,3.5037932428405467,true,four-finite-non-nodata-pixelisarea-neighbours,true,true,land,-3.890549520438238
canonical-24m-19-17,canonical-24m-2x2,2376,1944,553494.0183259278,4183308.534296336,-0.16587349085140438,3.4498524245505795,true,four-finite-non-nodata-pixelisarea-neighbours,true,true,land,-3.615725915401984
canonical-24m-20-17,canonical-24m-2x2,2400,1944,553518.0334581764,4183308.69041271,-0.037802010538294885,3.4457137182987094,true,four-finite-non-nodata-pixelisarea-neighbours,true,true,land,-3.483515728837004
canonical-24m-21-17,canonical-24m-2x2,2424,1944,553542.04859073,4183308.8465991598,0,3.472787588332812,true,four-finite-non-nodata-pixelisarea-neighbours,true,true,land,-3.472787588332812
canonical-24m-22-17,canonical-24m-2x2,2448,1944,553566.0637235886,4183309.0028556865,0,3.373505825509292,true,four-finite-non-nodata-pixelisarea-neighbours,true,true,land,-3.373505825509292
canonical-24m-23-17,canonical-24m-2x2,2472,1944,553590.0788567503,4183309.1591822887,0,-1.0700000524520874,true,four-finite-non-nodata-pixelisarea-neighbours,false,false,water-or-outside,1.0700000524520874
canonical-24m-24-17,canonical-24m-2x2,2496,1944,553614.0939902195,4183309.3155789683,0,-1.0700000524520874,true,four-finite-non-nodata-pixelisarea-neighbours,false,false,water-or-outside,1.0700000524520874
canonical-24m-25-17,canonical-24m-2x2,2520,1944,553638.1091239944,4183309.472045724,0,-1.0700000524520874,true,four-finite-non-nodata-pixelisarea-neighbours,false,false,water-or-outside,1.0700000524520874
canonical-24m-26-17,canonical-24m-2x2,2544,1944,553662.1242580748,4183309.6285825563,0,-1.0700000524520874,true,four-finite-non-nodata-pixelisarea-neighbours,false,false,water-or-outside,1.0700000524520874
canonical-24m-27-17,canonical-24m-2x2,2568,1944,553686.139392461,4183309.7851894647,0,-1.0700000524520874,true,four-finite-non-nodata-pixelisarea-neighbours,false,false,water-or-outside,1.0700000524520874
canonical-24m-28-17,canonical-24m-2x2,2592,1944,553710.1545271532,4183309.94186645,0,-1.0700000524520874,true,four-finite-non-nodata-pixelisarea-neighbours,false,false,water-or-outside,1.0700000524520874
canonical-24m-29-17,canonical-24m-2x2,2616,1944,553734.1696621514,4183310.0986135113,0,-1.0700000524520874,true,four-finite-non-nodata-pixelisarea-neighbours,false,false,water-or-outside,1.0700000524520874
canonical-24m-30-17,canonical-24m-2x2,2640,1944,553758.1847974559,4183310.2554306495,0,-1.0700000524520874,true,four-finite-non-nodata-pixelisarea-neighbours,false,false,water-or-outside,1.0700000524520874
canonical-24m-31-17,canonical-24m-2x2,2664,1944,553782.1999330666,4183310.412317864,0,-1.0700000524520874,true,four-finite-non-nodata-pixelisarea-neighbours,false,false,water-or-outside,1.0700000524520874
canonical-24m-32-17,canonical-24m-2x2,2688,1944,553806.2150689838,4183310.569275155,0,-1.0700000524520874,true,four-finite-non-nodata-pixelisarea-neighbours,false,false,water-or-outside,1.0700000524520874
canonical-24m-0-18,canonical-24m-2x2,1920,1968,553037.5756926277,4183329.6629579305,1.4310982603067233,5.950270120876388,true,four-finite-non-nodata-pixelisarea-neighbours,true,true,land,-4.5191718605696645
canonical-24m-1-18,canonical-24m-2x2,1944,1968,553061.5907488376,4183329.8177431575,0.8401661415907562,4.8189419971463385,true,four-finite-non-nodata-pixelisarea-neighbours,true,true,land,-3.9787758555555826
canonical-24m-2-18,canonical-24m-2x2,1968,1968,553085.6058053499,4183329.972598461,0.4066470777766277,3.935781290304918,true,four-finite-non-nodata-pixelisarea-neighbours,true,true,land,-3.52913421252829
canonical-24m-3-18,canonical-24m-2x2,1992,1968,553109.6208621647,4183330.127523841,0.09297033265441997,3.361612625766926,true,four-finite-non-nodata-pixelisarea-neighbours,true,true,land,-3.268642293112506
canonical-24m-4-18,canonical-24m-2x2,2016,1968,553133.635919282,4183330.2825192963,0.06541554233178885,3.709126685050442,true,four-finite-non-nodata-pixelisarea-neighbours,true,true,land,-3.643711142718653
canonical-24m-5-18,canonical-24m-2x2,2040,1968,553157.6509767022,4183330.437584829,0.22364239109675738,3.8018376871167088,true,four-finite-non-nodata-pixelisarea-neighbours,true,true,land,-3.5781952960199512
canonical-24m-6-18,canonical-24m-2x2,2064,1968,553181.6660344253,4183330.592720438,0.3842202144593221,3.705501809764647,true,four-finite-non-nodata-pixelisarea-neighbours,true,true,land,-3.321281595305325
canonical-24m-7-18,canonical-24m-2x2,2088,1968,553205.6810924514,4183330.747926123,0.39000904439383244,4.98041795063005,true,four-finite-non-nodata-pixelisarea-neighbours,true,true,land,-4.590408906236218
canonical-24m-8-18,canonical-24m-2x2,2112,1968,553229.6961507786,4183330.903201885,0.2708191694553119,4.8130934766905,true,four-finite-non-nodata-pixelisarea-neighbours,true,true,land,-4.542274307235187
canonical-24m-9-18,canonical-24m-2x2,2136,1968,553253.7112094112,4183331.0585477226,0.1051123831705013,3.5185915294185564,true,four-finite-non-nodata-pixelisarea-neighbours,true,true,land,-3.413479146248055
canonical-24m-10-18,canonical-24m-2x2,2160,1968,553277.7262683472,4183331.2139636376,-0.024274383881823205,2.926231211849532,true,four-finite-non-nodata-pixelisarea-neighbours,true,true,land,-2.9505055957313555
canonical-24m-11-18,canonical-24m-2x2,2184,1968,553301.7413275869,4183331.3694496285,-0.07764306270922516,3.2131260195336124,true,four-finite-non-nodata-pixelisarea-neighbours,true,true,land,-3.2907690822428375
canonical-24m-12-18,canonical-24m-2x2,2208,1968,553325.7563871326,4183331.525005696,-0.18403844337825603,2.9169549711834555,true,four-finite-non-nodata-pixelisarea-neighbours,true,true,land,-3.1009934145617115
canonical-24m-13-18,canonical-24m-2x2,2232,1968,553349.7714469776,4183331.6806318397,-0.35854469032121394,3.291023282224164,true,four-finite-non-nodata-pixelisarea-neighbours,true,true,land,-3.649567972545378
canonical-24m-14-18,canonical-24m-2x2,2256,1968,553373.7865071289,4183331.83632806,-0.4521999587362667,3.424008723646327,true,four-finite-non-nodata-pixelisarea-neighbours,true,true,land,-3.8762086823825936
canonical-24m-15-18,canonical-24m-2x2,2280,1968,553397.8015675843,4183331.992094357,-0.415990526583753,3.394153737354364,true,four-finite-non-nodata-pixelisarea-neighbours,true,true,land,-3.810144263938117
canonical-24m-16-18,canonical-24m-2x2,2304,1968,553421.816628344,4183332.14793073,-0.2993055230966798,3.368294195490841,true,four-finite-non-nodata-pixelisarea-neighbours,true,true,land,-3.6675997185875207
canonical-24m-17-18,canonical-24m-2x2,2328,1968,553445.831689408,4183332.30383718,-0.1702231116555228,-1.0700000524520874,true,four-finite-non-nodata-pixelisarea-neighbours,false,false,water-or-outside,0.8997769407965646
canonical-24m-18-18,canonical-24m-2x2,2352,1968,553469.8467507767,4183332.459813706,-0.12044763540648032,-1.0603555460330671,true,four-finite-non-nodata-pixelisarea-neighbours,false,false,water-or-outside,0.9399079106265869
canonical-24m-19-18,canonical-24m-2x2,2376,1968,553493.86181245,4183332.6158603095,-0.039507616501750546,3.4729753006633213,true,four-finite-non-nodata-pixelisarea-neighbours,true,true,land,-3.5124829171650718
canonical-24m-20-18,canonical-24m-2x2,2400,1968,553517.8768744282,4183332.7719769888,0,3.4270049274127974,true,four-finite-non-nodata-pixelisarea-neighbours,true,true,land,-3.4270049274127974
canonical-24m-21-18,canonical-24m-2x2,2424,1968,553541.8919367114,4183332.9281637445,0,3.4037880102288636,true,four-finite-non-nodata-pixelisarea-neighbours,true,true,land,-3.4037880102288636
canonical-24m-22-18,canonical-24m-2x2,2448,1968,553565.9069992995,4183333.0844205767,0,3.336228249646264,true,four-finite-non-nodata-pixelisarea-neighbours,true,true,land,-3.336228249646264
canonical-24m-23-18,canonical-24m-2x2,2472,1968,553589.9220621907,4183333.240747486,0,3.3308910434045327,true,four-finite-non-nodata-pixelisarea-neighbours,true,true,land,-3.3308910434045327
canonical-24m-24-18,canonical-24m-2x2,2496,1968,553613.9371253896,4183333.3971444713,0,-1.0700000524520874,true,four-finite-non-nodata-pixelisarea-neighbours,false,false,water-or-outside,1.0700000524520874
canonical-24m-25-18,canonical-24m-2x2,2520,1968,553637.9521888939,4183333.5536115337,0,-1.0700000524520874,true,four-finite-non-nodata-pixelisarea-neighbours,false,false,water-or-outside,1.0700000524520874
canonical-24m-26-18,canonical-24m-2x2,2544,1968,553661.9672527038,4183333.710148672,0,-1.0700000524520874,true,four-finite-non-nodata-pixelisarea-neighbours,false,false,water-or-outside,1.0700000524520874
canonical-24m-27-18,canonical-24m-2x2,2568,1968,553685.9823168196,4183333.8667558874,0,-1.0700000524520874,true,four-finite-non-nodata-pixelisarea-neighbours,false,false,water-or-outside,1.0700000524520874
canonical-24m-28-18,canonical-24m-2x2,2592,1968,553709.9973812413,4183334.0234331796,0,-1.0700000524520874,true,four-finite-non-nodata-pixelisarea-neighbours,false,false,water-or-outside,1.0700000524520874
canonical-24m-29-18,canonical-24m-2x2,2616,1968,553734.012445969,4183334.180180548,0,-1.0700000524520874,true,four-finite-non-nodata-pixelisarea-neighbours,false,false,water-or-outside,1.0700000524520874
canonical-24m-30-18,canonical-24m-2x2,2640,1968,553758.027511003,4183334.3369979933,0,-1.0700000524520874,true,four-finite-non-nodata-pixelisarea-neighbours,false,false,water-or-outside,1.0700000524520874
canonical-24m-31-18,canonical-24m-2x2,2664,1968,553782.0425763432,4183334.4938855153,0,-1.0700000524520874,true,four-finite-non-nodata-pixelisarea-neighbours,false,false,water-or-outside,1.0700000524520874
canonical-24m-32-18,canonical-24m-2x2,2688,1968,553806.0576419899,4183334.6508431137,0,-1.0700000524520874,true,four-finite-non-nodata-pixelisarea-neighbours,false,false,water-or-outside,1.0700000524520874
canonical-24m-0-19,canonical-24m-2x2,1920,1992,553037.4205135223,4183353.7445170013,0.7975595150879395,3.617555687553324,true,four-finite-non-nodata-pixelisarea-neighbours,true,true,land,-2.8199961724653844
canonical-24m-1-19,canonical-24m-2x2,1944,1992,553061.4354994616,4183353.8993025315,0.5144324017055262,3.7775625797548855,true,four-finite-non-nodata-pixelisarea-neighbours,true,true,land,-3.2631301780493596
canonical-24m-2-19,canonical-24m-2x2,1968,1992,553085.4504857033,4183354.054158138,0.2644779060223817,3.4846268660824484,true,four-finite-non-nodata-pixelisarea-neighbours,true,true,land,-3.2201489600600666
canonical-24m-3-19,canonical-24m-2x2,1992,1992,553109.4654722475,4183354.209083821,0.06088682443718524,3.0457368396536957,true,four-finite-non-nodata-pixelisarea-neighbours,true,true,land,-2.9848500152165105
canonical-24m-4-19,canonical-24m-2x2,2016,1992,553133.4804590943,4183354.364079581,0.031553771108411906,4.02803037261616,true,four-finite-non-nodata-pixelisarea-neighbours,true,true,land,-3.9964766015077484
canonical-24m-5-19,canonical-24m-2x2,2040,1992,553157.4954462439,4183354.519145417,0.10787590482721975,3.838279726134098,true,four-finite-non-nodata-pixelisarea-neighbours,true,true,land,-3.7304038213068784
canonical-24m-6-19,canonical-24m-2x2,2064,1992,553181.5104336963,4183354.67428133,0.17279392003641256,3.376282306045599,true,four-finite-non-nodata-pixelisarea-neighbours,true,true,land,-3.2034883860091865
canonical-24m-7-19,canonical-24m-2x2,2088,1992,553205.5254214519,4183354.829487319,0.1665910973493969,3.022011386991757,true,four-finite-non-nodata-pixelisarea-neighbours,true,true,land,-2.85542028964236
canonical-24m-8-19,canonical-24m-2x2,2112,1992,553229.5404095083,4183354.984763385,0.12008896946479844,3.164330529112008,true,four-finite-non-nodata-pixelisarea-neighbours,true,true,land,-3.0442415596472094
canonical-24m-9-19,canonical-24m-2x2,2136,1992,553253.5553978703,4183355.140109527,0.026143033165447898,2.856991236275941,true,four-finite-non-nodata-pixelisarea-neighbours,true,true,land,-2.830848203110493
canonical-24m-10-19,canonical-24m-2x2,2160,1992,553277.5703865357,4183355.295525746,-0.11831185064067518,3.2313236656719058,true,four-finite-non-nodata-pixelisarea-neighbours,true,true,land,-3.349635516312581
canonical-24m-11-19,canonical-24m-2x2,2184,1992,553301.5853755047,4183355.451012041,-0.24378332853032705,2.8661215203885817,true,four-finite-non-nodata-pixelisarea-neighbours,true,true,land,-3.1099048489189087
canonical-24m-12-19,canonical-24m-2x2,2208,1992,553325.6003647796,4183355.6065684133,-0.3958268689611717,3.1317188266507627,true,four-finite-non-nodata-pixelisarea-neighbours,true,true,land,-3.527545695611934
canonical-24m-13-19,canonical-24m-2x2,2232,1992,553349.615354354,4183355.7621948617,-0.5541256665236773,3.4328573180063295,true,four-finite-non-nodata-pixelisarea-neighbours,true,true,land,-3.986982984530007
canonical-24m-14-19,canonical-24m-2x2,2256,1992,553373.6303442345,4183355.9178913874,-0.5070360762121768,3.404493718566039,true,four-finite-non-nodata-pixelisarea-neighbours,true,true,land,-3.911529794778216
canonical-24m-15-19,canonical-24m-2x2,2280,1992,553397.6453344192,4183356.0736579895,-0.33484916994929603,3.4158313634916784,true,four-finite-non-nodata-pixelisarea-neighbours,true,true,land,-3.7506805334409745
canonical-24m-16-19,canonical-24m-2x2,2304,1992,553421.6603249082,4183356.2294946676,-0.115203924409919,-1.0700000524520874,true,four-finite-non-nodata-pixelisarea-neighbours,false,false,water-or-outside,0.9547961280421684
canonical-24m-17-19,canonical-24m-2x2,2328,1992,553445.6753157016,4183356.3854014226,0,-1.0700000524520874,true,four-finite-non-nodata-pixelisarea-neighbours,false,false,water-or-outside,1.0700000524520874
canonical-24m-18-19,canonical-24m-2x2,2352,1992,553469.6903067995,4183356.5413782545,0,-1.0700000524520874,true,four-finite-non-nodata-pixelisarea-neighbours,false,false,water-or-outside,1.0700000524520874
canonical-24m-19-19,canonical-24m-2x2,2376,1992,553493.7052982021,4183356.697425163,0,-1.0700000524520874,true,four-finite-non-nodata-pixelisarea-neighbours,false,false,water-or-outside,1.0700000524520874
canonical-24m-20-19,canonical-24m-2x2,2400,1992,553517.7202899095,4183356.853542148,0,-1.0700000524520874,true,four-finite-non-nodata-pixelisarea-neighbours,false,false,water-or-outside,1.0700000524520874
canonical-24m-21-19,canonical-24m-2x2,2424,1992,553541.7352819218,4183357.00972921,0,3.3171666022138697,true,four-finite-non-nodata-pixelisarea-neighbours,true,true,land,-3.3171666022138697
canonical-24m-22-19,canonical-24m-2x2,2448,1992,553565.7502742392,4183357.1659863484,0,3.342438426674387,true,four-finite-non-nodata-pixelisarea-neighbours,true,true,land,-3.342438426674387
canonical-24m-23-19,canonical-24m-2x2,2472,1992,553589.7652668597,4183357.3223135634,0,-1.0700000524520874,true,four-finite-non-nodata-pixelisarea-neighbours,false,false,water-or-outside,1.0700000524520874
canonical-24m-24-19,canonical-24m-2x2,2496,1992,553613.7802597877,4183357.4787108554,0,-1.0700000524520874,true,four-finite-non-nodata-pixelisarea-neighbours,false,false,water-or-outside,1.0700000524520874
canonical-24m-25-19,canonical-24m-2x2,2520,1992,553637.7952530212,4183357.6351782237,0,-1.0700000524520874,true,four-finite-non-nodata-pixelisarea-neighbours,false,false,water-or-outside,1.0700000524520874
canonical-24m-26-19,canonical-24m-2x2,2544,1992,553661.8102465604,4183357.7917156694,0,-1.0700000524520874,true,four-finite-non-nodata-pixelisarea-neighbours,false,false,water-or-outside,1.0700000524520874
canonical-24m-27-19,canonical-24m-2x2,2568,1992,553685.8252404053,4183357.948323191,0,-1.0700000524520874,true,four-finite-non-nodata-pixelisarea-neighbours,false,false,water-or-outside,1.0700000524520874
canonical-24m-28-19,canonical-24m-2x2,2592,1992,553709.8402345561,4183358.1050007897,0,-1.0700000524520874,true,four-finite-non-nodata-pixelisarea-neighbours,false,false,water-or-outside,1.0700000524520874
canonical-24m-29-19,canonical-24m-2x2,2616,1992,553733.855229013,4183358.2617484657,0,-1.0700000524520874,true,four-finite-non-nodata-pixelisarea-neighbours,false,false,water-or-outside,1.0700000524520874
canonical-24m-30-19,canonical-24m-2x2,2640,1992,553757.8702237761,4183358.418566218,0,-1.0700000524520874,true,four-finite-non-nodata-pixelisarea-neighbours,false,false,water-or-outside,1.0700000524520874
canonical-24m-31-19,canonical-24m-2x2,2664,1992,553781.8852188454,4183358.575454047,0,-1.0700000524520874,true,four-finite-non-nodata-pixelisarea-neighbours,false,false,water-or-outside,1.0700000524520874
canonical-24m-32-19,canonical-24m-2x2,2688,1992,553805.9002142212,4183358.7324119527,0,-1.0700000524520874,true,four-finite-non-nodata-pixelisarea-neighbours,false,false,water-or-outside,1.0700000524520874
canonical-24m-0-20,canonical-24m-2x2,1920,2016,553037.2653336533,4183377.826076951,0.2380014034467921,3.3760279888586417,true,four-finite-non-nodata-pixelisarea-neighbours,true,true,land,-3.1380265854118496
canonical-24m-1-20,canonical-24m-2x2,1944,2016,553061.2802493217,4183377.980862784,0.1678270515321928,3.435130434444109,true,four-finite-non-nodata-pixelisarea-neighbours,true,true,land,-3.2673033829119165
canonical-24m-2-20,canonical-24m-2x2,1968,2016,553085.2951652926,4183378.135718694,0.08022882047772306,3.2115844148069375,true,four-finite-non-nodata-pixelisarea-neighbours,true,true,land,-3.1313555943292144
canonical-24m-3-20,canonical-24m-2x2,1992,2016,553109.3100815658,4183378.2906446806,0.01606224882995259,3.1495560352720484,true,four-finite-non-nodata-pixelisarea-neighbours,true,true,land,-3.133493786442096
canonical-24m-4-20,canonical-24m-2x2,2016,2016,553133.3249981416,4183378.4456407437,0,4.155431925629986,true,four-finite-non-nodata-pixelisarea-neighbours,true,true,land,-4.155431925629986
canonical-24m-5-20,canonical-24m-2x2,2040,2016,553157.3399150202,4183378.6007068837,0,3.6899236308076633,true,four-finite-non-nodata-pixelisarea-neighbours,true,true,land,-3.6899236308076633
canonical-24m-6-20,canonical-24m-2x2,2064,2016,553181.3548322017,4183378.7558430997,0,3.1690456730159093,true,four-finite-non-nodata-pixelisarea-neighbours,true,true,land,-3.1690456730159093
canonical-24m-7-20,canonical-24m-2x2,2088,2016,553205.3697496862,4183378.911049393,0,3.0326194081537494,true,four-finite-non-nodata-pixelisarea-neighbours,true,true,land,-3.0326194081537494
canonical-24m-8-20,canonical-24m-2x2,2112,2016,553229.3846674716,4183379.066325763,0,3.256194246205813,true,four-finite-non-nodata-pixelisarea-neighbours,true,true,land,-3.256194246205813
canonical-24m-9-20,canonical-24m-2x2,2136,2016,553253.3995855626,4183379.2216722094,-0.09315094576607294,3.2831363503339364,true,four-finite-non-nodata-pixelisarea-neighbours,true,true,land,-3.3762872961000094
canonical-24m-10-20,canonical-24m-2x2,2160,2016,553277.414503957,4183379.3770887326,-0.30516062383270426,3.0729322006111897,true,four-finite-non-nodata-pixelisarea-neighbours,true,true,land,-3.378092824443894
canonical-24m-11-20,canonical-24m-2x2,2184,2016,553301.429422655,4183379.5325753326,-0.48476439502129554,2.6519311186517047,true,four-finite-non-nodata-pixelisarea-neighbours,true,true,land,-3.136695513673
canonical-24m-12-20,canonical-24m-2x2,2208,2016,553325.444341659,4183379.6881320095,-0.6015133723308683,3.0863037651063503,true,four-finite-non-nodata-pixelisarea-neighbours,true,true,land,-3.687817137437219
canonical-24m-13-20,canonical-24m-2x2,2232,2016,553349.4592609622,4183379.843758763,-0.6350775471372648,3.4821555370468213,true,four-finite-non-nodata-pixelisarea-neighbours,true,true,land,-4.117233084184086
canonical-24m-14-20,canonical-24m-2x2,2256,2016,553373.4741805717,4183379.999455593,-0.45891295845860225,3.360245877411427,true,four-finite-non-nodata-pixelisarea-neighbours,true,true,land,-3.819158835870029
canonical-24m-15-20,canonical-24m-2x2,2280,2016,553397.4891004855,4183380.1552224993,-0.2741970567993121,-1.0700000524520874,true,four-finite-non-nodata-pixelisarea-neighbours,false,false,water-or-outside,0.7958029956527752
canonical-24m-16-20,canonical-24m-2x2,2304,2016,553421.5040207033,4183380.3110594833,-0.040280710138494207,-1.0700000524520874,true,four-finite-non-nodata-pixelisarea-neighbours,false,false,water-or-outside,1.0297193423135933
canonical-24m-17-20,canonical-24m-2x2,2328,2016,553445.5189412256,4183380.466966544,0,-1.0700000524520874,true,four-finite-non-nodata-pixelisarea-neighbours,false,false,water-or-outside,1.0700000524520874
canonical-24m-18-20,canonical-24m-2x2,2352,2016,553469.5338620524,4183380.6229436807,0,-1.0700000524520874,true,four-finite-non-nodata-pixelisarea-neighbours,false,false,water-or-outside,1.0700000524520874
canonical-24m-19-20,canonical-24m-2x2,2376,2016,553493.5487831839,4183380.778990895,0,-1.0700000524520874,true,four-finite-non-nodata-pixelisarea-neighbours,false,false,water-or-outside,1.0700000524520874
canonical-24m-20-20,canonical-24m-2x2,2400,2016,553517.5637046202,4183380.935108186,0,-1.0700000524520874,true,four-finite-non-nodata-pixelisarea-neighbours,false,false,water-or-outside,1.0700000524520874
canonical-24m-21-20,canonical-24m-2x2,2424,2016,553541.5786263614,4183381.0912955534,0,-1.0700000524520874,true,four-finite-non-nodata-pixelisarea-neighbours,false,false,water-or-outside,1.0700000524520874
canonical-24m-22-20,canonical-24m-2x2,2448,2016,553565.5935484078,4183381.247552998,0,-1.0700000524520874,true,four-finite-non-nodata-pixelisarea-neighbours,false,false,water-or-outside,1.0700000524520874
canonical-24m-23-20,canonical-24m-2x2,2472,2016,553589.608470757,4183381.4038805193,0,-1.0700000524520874,true,four-finite-non-nodata-pixelisarea-neighbours,false,false,water-or-outside,1.0700000524520874
canonical-24m-24-20,canonical-24m-2x2,2496,2016,553613.6233934138,4183381.560278117,0,-1.0700000524520874,true,four-finite-non-nodata-pixelisarea-neighbours,false,false,water-or-outside,1.0700000524520874
canonical-24m-25-20,canonical-24m-2x2,2520,2016,553637.6383163763,4183381.716745792,0,-1.0700000524520874,true,four-finite-non-nodata-pixelisarea-neighbours,false,false,water-or-outside,1.0700000524520874
canonical-24m-26-20,canonical-24m-2x2,2544,2016,553661.6532396442,4183381.8732835446,0,-1.0700000524520874,true,four-finite-non-nodata-pixelisarea-neighbours,false,false,water-or-outside,1.0700000524520874
canonical-24m-27-20,canonical-24m-2x2,2568,2016,553685.668163218,4183382.029891373,0,-1.0700000524520874,true,four-finite-non-nodata-pixelisarea-neighbours,false,false,water-or-outside,1.0700000524520874
canonical-24m-28-20,canonical-24m-2x2,2592,2016,553709.6830870976,4183382.1865692786,0,-1.0700000524520874,true,four-finite-non-nodata-pixelisarea-neighbours,false,false,water-or-outside,1.0700000524520874
canonical-24m-29-20,canonical-24m-2x2,2616,2016,553733.6980112833,4183382.343317261,0,-1.0700000524520874,true,four-finite-non-nodata-pixelisarea-neighbours,false,false,water-or-outside,1.0700000524520874
canonical-24m-30-20,canonical-24m-2x2,2640,2016,553757.7129357752,4183382.5001353207,0,-1.0700000524520874,true,four-finite-non-nodata-pixelisarea-neighbours,false,false,water-or-outside,1.0700000524520874
canonical-24m-31-20,canonical-24m-2x2,2664,2016,553781.7278605732,4183382.657023457,0,-1.0700000524520874,true,four-finite-non-nodata-pixelisarea-neighbours,false,false,water-or-outside,1.0700000524520874
canonical-24m-32-20,canonical-24m-2x2,2688,2016,553805.7427856779,4183382.81398167,0,-1.0700000524520874,true,four-finite-non-nodata-pixelisarea-neighbours,false,false,water-or-outside,1.0700000524520874
canonical-24m-0-21,canonical-24m-2x2,1920,2040,553037.1101530207,4183401.907637782,0.011199685333145627,3.5042610690692353,true,four-finite-non-nodata-pixelisarea-neighbours,true,true,land,-3.4930613837360895
canonical-24m-1-21,canonical-24m-2x2,1944,2040,553061.1249984179,4183402.062423918,0,3.5526363173550957,true,four-finite-non-nodata-pixelisarea-neighbours,true,true,land,-3.5526363173550957
canonical-24m-2-21,canonical-24m-2x2,1968,2040,553085.1398441173,4183402.2172801313,0,3.3533661173382208,true,four-finite-non-nodata-pixelisarea-neighbours,true,true,land,-3.3533661173382208
canonical-24m-3-21,canonical-24m-2x2,1992,2040,553109.1546901193,4183402.372206421,0,3.159994988335617,true,four-finite-non-nodata-pixelisarea-neighbours,true,true,land,-3.159994988335617
canonical-24m-4-21,canonical-24m-2x2,2016,2040,553133.1695364239,4183402.5272027883,0,3.510156440923465,true,four-finite-non-nodata-pixelisarea-neighbours,true,true,land,-3.510156440923465
canonical-24m-5-21,canonical-24m-2x2,2040,2040,553157.1843830311,4183402.6822692314,0,3.2666673684010155,true,four-finite-non-nodata-pixelisarea-neighbours,true,true,land,-3.2666673684010155
canonical-24m-6-21,canonical-24m-2x2,2064,2040,553181.1992299414,4183402.837405752,0,2.948847047393687,true,four-finite-non-nodata-pixelisarea-neighbours,true,true,land,-2.948847047393687
canonical-24m-7-21,canonical-24m-2x2,2088,2040,553205.2140771545,4183402.992612349,0,2.9342418903932534,true,four-finite-non-nodata-pixelisarea-neighbours,true,true,land,-2.9342418903932534
canonical-24m-8-21,canonical-24m-2x2,2112,2040,553229.2289246686,4183403.1478890227,-0.04550093721439751,2.910582137758553,true,four-finite-non-nodata-pixelisarea-neighbours,true,true,land,-2.95608307497295
canonical-24m-9-21,canonical-24m-2x2,2136,2040,553253.2437724882,4183403.3032357735,-0.25263052546699843,3.224616394688793,true,four-finite-non-nodata-pixelisarea-neighbours,true,true,land,-3.477246920155791
canonical-24m-10-21,canonical-24m-2x2,2160,2040,553277.2586206113,4183403.4586526006,-0.5261824672356465,2.5301395434814027,true,four-finite-non-nodata-pixelisarea-neighbours,true,true,land,-3.0563220107170492
canonical-24m-11-21,canonical-24m-2x2,2184,2040,553301.273469038,4183403.6141395057,-0.6489427605072285,2.7677535665806845,true,four-finite-non-nodata-pixelisarea-neighbours,true,true,land,-3.416696327087913
canonical-24m-12-21,canonical-24m-2x2,2208,2040,553325.2883177705,4183403.7696964866,-0.622741208976965,-1.0700000524520874,true,four-finite-non-nodata-pixelisarea-neighbours,true,true,land,0.44725884347512235
canonical-24m-13-21,canonical-24m-2x2,2232,2040,553349.3031668024,4183403.925323545,-0.4818139902746096,-1.0700000524520874,true,four-finite-non-nodata-pixelisarea-neighbours,true,true,land,0.5881860621774778
canonical-24m-14-21,canonical-24m-2x2,2256,2040,553373.3180161405,4183404.08102068,-0.29451439796141005,-1.0651091551182437,true,four-finite-non-nodata-pixelisarea-neighbours,false,false,water-or-outside,0.7705947571568337
canonical-24m-15-21,canonical-24m-2x2,2280,2040,553397.3328657828,4183404.236787892,-0.18932650765738557,-1.0700000524520874,true,four-finite-non-nodata-pixelisarea-neighbours,false,false,water-or-outside,0.8806735447947018
canonical-24m-16-21,canonical-24m-2x2,2304,2040,553421.3477157293,4183404.3926251805,0,-1.0700000524520874,true,four-finite-non-nodata-pixelisarea-neighbours,false,false,water-or-outside,1.0700000524520874
canonical-24m-17-21,canonical-24m-2x2,2328,2040,553445.3625659801,4183404.5485325465,0,-1.0700000524520874,true,four-finite-non-nodata-pixelisarea-neighbours,false,false,water-or-outside,1.0700000524520874
canonical-24m-18-21,canonical-24m-2x2,2352,2040,553469.3774165355,4183404.704509989,0,-1.0700000524520874,true,four-finite-non-nodata-pixelisarea-neighbours,false,false,water-or-outside,1.0700000524520874
canonical-24m-19-21,canonical-24m-2x2,2376,2040,553493.3922673955,4183404.8605575087,0,-1.0700000524520874,true,four-finite-non-nodata-pixelisarea-neighbours,false,false,water-or-outside,1.0700000524520874
canonical-24m-20-21,canonical-24m-2x2,2400,2040,553517.4071185604,4183405.0166751053,0,-1.0700000524520874,true,four-finite-non-nodata-pixelisarea-neighbours,false,false,water-or-outside,1.0700000524520874
canonical-24m-21-21,canonical-24m-2x2,2424,2040,553541.4219700301,4183405.172862779,0,-1.0700000524520874,true,four-finite-non-nodata-pixelisarea-neighbours,false,false,water-or-outside,1.0700000524520874
canonical-24m-22-21,canonical-24m-2x2,2448,2040,553565.436821805,4183405.3291205293,0,-1.0700000524520874,true,four-finite-non-nodata-pixelisarea-neighbours,false,false,water-or-outside,1.0700000524520874
canonical-24m-23-21,canonical-24m-2x2,2472,2040,553589.4516738828,4183405.4854483563,0,-1.0700000524520874,true,four-finite-non-nodata-pixelisarea-neighbours,false,false,water-or-outside,1.0700000524520874
canonical-24m-24-21,canonical-24m-2x2,2496,2040,553613.4665262682,4183405.641846261,0,-1.0700000524520874,true,four-finite-non-nodata-pixelisarea-neighbours,false,false,water-or-outside,1.0700000524520874
canonical-24m-25-21,canonical-24m-2x2,2520,2040,553637.481378959,4183405.798314242,0,-1.0700000524520874,true,four-finite-non-nodata-pixelisarea-neighbours,false,false,water-or-outside,1.0700000524520874
canonical-24m-26-21,canonical-24m-2x2,2544,2040,553661.4962319555,4183405.9548523007,0,-1.0700000524520874,true,four-finite-non-nodata-pixelisarea-neighbours,false,false,water-or-outside,1.0700000524520874
canonical-24m-27-21,canonical-24m-2x2,2568,2040,553685.5110852576,4183406.111460436,0,-1.0700000524520874,true,four-finite-non-nodata-pixelisarea-neighbours,false,false,water-or-outside,1.0700000524520874
canonical-24m-28-21,canonical-24m-2x2,2592,2040,553709.5259388657,4183406.268138648,0,-1.0700000524520874,true,four-finite-non-nodata-pixelisarea-neighbours,false,false,water-or-outside,1.0700000524520874
canonical-24m-29-21,canonical-24m-2x2,2616,2040,553733.5407927799,4183406.4248869377,0,-1.0700000524520874,true,four-finite-non-nodata-pixelisarea-neighbours,false,false,water-or-outside,1.0700000524520874
canonical-24m-30-21,canonical-24m-2x2,2640,2040,553757.5556470002,4183406.5817053043,0,-1.0700000524520874,true,four-finite-non-nodata-pixelisarea-neighbours,false,false,water-or-outside,1.0700000524520874
canonical-24m-31-21,canonical-24m-2x2,2664,2040,553781.5705015268,4183406.738593748,0,-1.0700000524520874,true,four-finite-non-nodata-pixelisarea-neighbours,false,false,water-or-outside,1.0700000524520874
canonical-24m-32-21,canonical-24m-2x2,2688,2040,553805.5853563598,4183406.8955522683,0,-1.0700000524520874,true,four-finite-non-nodata-pixelisarea-neighbours,false,false,water-or-outside,1.0700000524520874
canonical-24m-0-22,canonical-24m-2x2,1920,2064,553036.9549716245,4183425.9891994926,0.008281073011655024,3.543321277591229,true,four-finite-non-nodata-pixelisarea-neighbours,true,true,land,-3.5350402045795737
canonical-24m-1-22,canonical-24m-2x2,1944,2064,553060.9697467501,4183426.143985932,0.03122699183409596,3.5618956708873024,true,four-finite-non-nodata-pixelisarea-neighbours,true,true,land,-3.5306686790532065
canonical-24m-2-22,canonical-24m-2x2,1968,2064,553084.9845221778,4183426.2988424487,0.040981066490974175,3.351136916026239,true,four-finite-non-nodata-pixelisarea-neighbours,true,true,land,-3.310155849535265
canonical-24m-3-22,canonical-24m-2x2,1992,2064,553108.9992979082,4183426.4537690417,0.040981066490974175,3.0540586203135005,true,four-finite-non-nodata-pixelisarea-neighbours,true,true,land,-3.0130775538225265
canonical-24m-4-22,canonical-24m-2x2,2016,2064,553133.0140739412,4183426.608765712,0.014173079592552425,3.2293941172267004,true,four-finite-non-nodata-pixelisarea-neighbours,true,true,land,-3.215221037634148
canonical-24m-5-22,canonical-24m-2x2,2040,2064,553157.0288502767,4183426.7638324588,0,3.253287894528503,true,four-finite-non-nodata-pixelisarea-neighbours,true,true,land,-3.253287894528503
canonical-24m-6-22,canonical-24m-2x2,2064,2064,553181.0436269152,4183426.9189692833,0,2.9913653110395275,true,four-finite-non-nodata-pixelisarea-neighbours,true,true,land,-2.9913653110395275
canonical-24m-7-22,canonical-24m-2x2,2088,2064,553205.0584038568,4183427.074176184,-0.022388981962747533,2.874902293856576,true,four-finite-non-nodata-pixelisarea-neighbours,true,true,land,-2.8972912758193234
canonical-24m-8-22,canonical-24m-2x2,2112,2064,553229.0731810991,4183427.229453162,-0.16397335720480388,3.15907944567388,true,four-finite-non-nodata-pixelisarea-neighbours,true,true,land,-3.323052802878684
canonical-24m-9-22,canonical-24m-2x2,2136,2064,553253.0879586472,4183427.384800217,-0.4328514092963481,2.8200400698043118,true,four-finite-non-nodata-pixelisarea-neighbours,true,true,land,-3.25289147910066
canonical-24m-10-22,canonical-24m-2x2,2160,2064,553277.1027364985,4183427.540217349,-0.6258794846042659,3.2842831308499756,true,four-finite-non-nodata-pixelisarea-neighbours,true,true,land,-3.9101626154542415
canonical-24m-11-22,canonical-24m-2x2,2184,2064,553301.1175146534,4183427.6957045575,-0.6022668432792491,-1.0700000524520874,true,four-finite-non-nodata-pixelisarea-neighbours,false,false,water-or-outside,0.46773320917283834
canonical-24m-12-22,canonical-24m-2x2,2208,2064,553325.1322931142,4183427.8512618435,-0.429692357152378,-1.0700000524520874,true,four-finite-non-nodata-pixelisarea-neighbours,true,true,land,0.6403076952997093
canonical-24m-13-22,canonical-24m-2x2,2232,2064,553349.1470718744,4183428.0068892064,-0.22447493005624788,-1.0700000524520874,true,four-finite-non-nodata-pixelisarea-neighbours,true,true,land,0.8455251223958395
canonical-24m-14-22,canonical-24m-2x2,2256,2064,553373.1618509408,4183428.1625866466,-0.11803786701805166,-1.0700000524520874,true,four-finite-non-nodata-pixelisarea-neighbours,false,false,water-or-outside,0.9519621854340358
canonical-24m-15-22,canonical-24m-2x2,2280,2064,553397.1766303113,4183428.3183541633,-0.08749234919135311,-1.0700000524520874,true,four-finite-non-nodata-pixelisarea-neighbours,false,false,water-or-outside,0.9825077032607343
canonical-24m-16-22,canonical-24m-2x2,2304,2064,553421.191409986,4183428.4741917574,0,-1.0700000524520874,true,four-finite-non-nodata-pixelisarea-neighbours,false,false,water-or-outside,1.0700000524520874
canonical-24m-17-22,canonical-24m-2x2,2328,2064,553445.2061899651,4183428.6300994284,0,-1.0700000524520874,true,four-finite-non-nodata-pixelisarea-neighbours,false,false,water-or-outside,1.0700000524520874
canonical-24m-18-22,canonical-24m-2x2,2352,2064,553469.2209702487,4183428.786077176,0,-1.0700000524520874,true,four-finite-non-nodata-pixelisarea-neighbours,false,false,water-or-outside,1.0700000524520874
canonical-24m-19-22,canonical-24m-2x2,2376,2064,553493.2357508369,4183428.942125002,0,-1.0700000524520874,true,four-finite-non-nodata-pixelisarea-neighbours,false,false,water-or-outside,1.0700000524520874
canonical-24m-20-22,canonical-24m-2x2,2400,2064,553517.25053173,4183429.098242904,0,-1.0700000524520874,true,four-finite-non-nodata-pixelisarea-neighbours,false,false,water-or-outside,1.0700000524520874
canonical-24m-21-22,canonical-24m-2x2,2424,2064,553541.2653129279,4183429.254430883,0,-1.0700000524520874,true,four-finite-non-nodata-pixelisarea-neighbours,false,false,water-or-outside,1.0700000524520874
canonical-24m-22-22,canonical-24m-2x2,2448,2064,553565.2800944309,4183429.4106889395,0,-1.0700000524520874,true,four-finite-non-nodata-pixelisarea-neighbours,false,false,water-or-outside,1.0700000524520874
canonical-24m-23-22,canonical-24m-2x2,2472,2064,553589.2948762369,4183429.5670170733,0,-1.0700000524520874,true,four-finite-non-nodata-pixelisarea-neighbours,false,false,water-or-outside,1.0700000524520874
canonical-24m-24-22,canonical-24m-2x2,2496,2064,553613.3096583504,4183429.723415284,0,-1.0700000524520874,true,four-finite-non-nodata-pixelisarea-neighbours,false,false,water-or-outside,1.0700000524520874
canonical-24m-25-22,canonical-24m-2x2,2520,2064,553637.3244407694,4183429.8798835715,0,-1.0700000524520874,true,four-finite-non-nodata-pixelisarea-neighbours,false,false,water-or-outside,1.0700000524520874
canonical-24m-26-22,canonical-24m-2x2,2544,2064,553661.339223494,4183430.036421936,0,-1.0700000524520874,true,four-finite-non-nodata-pixelisarea-neighbours,false,false,water-or-outside,1.0700000524520874
canonical-24m-27-22,canonical-24m-2x2,2568,2064,553685.3540065244,4183430.1930303783,0,-1.0700000524520874,true,four-finite-non-nodata-pixelisarea-neighbours,false,false,water-or-outside,1.0700000524520874
canonical-24m-28-22,canonical-24m-2x2,2592,2064,553709.3687898606,4183430.3497088975,0,-1.0700000524520874,true,four-finite-non-nodata-pixelisarea-neighbours,false,false,water-or-outside,1.0700000524520874
canonical-24m-29-22,canonical-24m-2x2,2616,2064,553733.3835735029,4183430.5064574936,0,-1.0700000524520874,true,four-finite-non-nodata-pixelisarea-neighbours,false,false,water-or-outside,1.0700000524520874
canonical-24m-30-22,canonical-24m-2x2,2640,2064,553757.3983574513,4183430.6632761676,0,-1.0700000524520874,true,four-finite-non-nodata-pixelisarea-neighbours,false,false,water-or-outside,1.0700000524520874
canonical-24m-31-22,canonical-24m-2x2,2664,2064,553781.4131417059,4183430.8201649184,0,-1.0700000524520874,true,four-finite-non-nodata-pixelisarea-neighbours,false,false,water-or-outside,1.0700000524520874
canonical-24m-32-22,canonical-24m-2x2,2688,2064,553805.427926267,4183430.977123746,0,-1.0700000524520874,true,four-finite-non-nodata-pixelisarea-neighbours,false,false,water-or-outside,1.0700000524520874
canonical-24m-0-23,canonical-24m-2x2,1920,2088,553036.7997894646,4183450.0707620815,0.050039029420271955,3.5767653794488483,true,four-finite-non-nodata-pixelisarea-neighbours,true,true,land,-3.5267263500285764
canonical-24m-1-23,canonical-24m-2x2,1944,2088,553060.8144943182,4183450.225548824,0.14207345291803858,3.5031290610367827,true,four-finite-non-nodata-pixelisarea-neighbours,true,true,land,-3.361055608118744
canonical-24m-2-23,canonical-24m-2x2,1968,2088,553084.8291994741,4183450.3804056435,0.174773439415128,3.2575507933567067,true,four-finite-non-nodata-pixelisarea-neighbours,true,true,land,-3.082777353941579
canonical-24m-3-23,canonical-24m-2x2,1992,2088,553108.8439049324,4183450.53533254,0.174773439415128,3.2343791409763334,true,four-finite-non-nodata-pixelisarea-neighbours,true,true,land,-3.0596057015612055
canonical-24m-4-23,canonical-24m-2x2,2016,2088,553132.8586106934,4183450.690329514,0.08490117162657036,3.2240413433527184,true,four-finite-non-nodata-pixelisarea-neighbours,true,true,land,-3.1391401717261482
canonical-24m-5-23,canonical-24m-2x2,2040,2088,553156.873316757,4183450.8453965643,0.01427380260802663,2.9643463274701003,true,four-finite-non-nodata-pixelisarea-neighbours,true,true,land,-2.950072524862074
canonical-24m-6-23,canonical-24m-2x2,2064,2088,553180.8880231235,4183451.0005336925,-0.021769108742308092,3.202988660543325,true,four-finite-non-nodata-pixelisarea-neighbours,true,true,land,-3.224757769285633
canonical-24m-7-23,canonical-24m-2x2,2088,2088,553204.902729793,4183451.155740897,-0.1124445220742047,3.2931571527056307,true,four-finite-non-nodata-pixelisarea-neighbours,true,true,land,-3.4056016747798354
canonical-24m-8-23,canonical-24m-2x2,2112,2088,553228.9174367634,4183451.311018179,-0.30880641298174427,2.9879792470306947,true,four-finite-non-nodata-pixelisarea-neighbours,true,true,land,-3.2967856600124392
canonical-24m-9-23,canonical-24m-2x2,2136,2088,553252.9321440393,4183451.466365538,-0.49679896919583066,3.262025033334764,true,four-finite-non-nodata-pixelisarea-neighbours,true,true,land,-3.7588240025305946
canonical-24m-10-23,canonical-24m-2x2,2160,2088,553276.9468516186,4183451.6217829743,-0.5298255296656669,3.781853673710545,true,four-finite-non-nodata-pixelisarea-neighbours,true,true,land,-4.311679203376212
canonical-24m-11-23,canonical-24m-2x2,2184,2088,553300.9615595015,4183451.777270488,-0.40732961118145006,3.7209990346677753,true,four-finite-non-nodata-pixelisarea-neighbours,true,true,land,-4.128328645849225
canonical-24m-12-23,canonical-24m-2x2,2208,2088,553324.9762676902,4183451.932828078,-0.2052700538815823,-1.0700000524520874,true,four-finite-non-nodata-pixelisarea-neighbours,false,false,water-or-outside,0.8647299985705051
canonical-24m-13-23,canonical-24m-2x2,2232,2088,553348.9909761783,4183452.088455746,-0.04190930925301417,-1.0700000524520874,true,four-finite-non-nodata-pixelisarea-neighbours,false,false,water-or-outside,1.0280907431990731
canonical-24m-14-23,canonical-24m-2x2,2256,2088,553373.0056849726,4183452.2441534908,0,-1.0700000524520874,true,four-finite-non-nodata-pixelisarea-neighbours,false,false,water-or-outside,1.0700000524520874
canonical-24m-15-23,canonical-24m-2x2,2280,2088,553397.020394071,4183452.399921313,0,-1.0700000524520874,true,four-finite-non-nodata-pixelisarea-neighbours,false,false,water-or-outside,1.0700000524520874
canonical-24m-16-23,canonical-24m-2x2,2304,2088,553421.0351034736,4183452.5557592115,0,-1.0700000524520874,true,four-finite-non-nodata-pixelisarea-neighbours,false,false,water-or-outside,1.0700000524520874
canonical-24m-17-23,canonical-24m-2x2,2328,2088,553445.0498131806,4183452.711667188,0,-1.0700000524520874,true,four-finite-non-nodata-pixelisarea-neighbours,false,false,water-or-outside,1.0700000524520874
canonical-24m-18-23,canonical-24m-2x2,2352,2088,553469.064523192,4183452.8676452413,0,-1.0700000524520874,true,four-finite-non-nodata-pixelisarea-neighbours,false,false,water-or-outside,1.0700000524520874
canonical-24m-19-23,canonical-24m-2x2,2376,2088,553493.0792335081,4183453.023693372,0,-1.0700000524520874,true,four-finite-non-nodata-pixelisarea-neighbours,false,false,water-or-outside,1.0700000524520874
canonical-24m-20-23,canonical-24m-2x2,2400,2088,553517.0939441291,4183453.17981158,0,-1.0700000524520874,true,four-finite-non-nodata-pixelisarea-neighbours,false,false,water-or-outside,1.0700000524520874
canonical-24m-21-23,canonical-24m-2x2,2424,2088,553541.1086550548,4183453.3359998656,0,-1.0700000524520874,true,four-finite-non-nodata-pixelisarea-neighbours,false,false,water-or-outside,1.0700000524520874
canonical-24m-22-23,canonical-24m-2x2,2448,2088,553565.1233662857,4183453.492258228,0,-1.0700000524520874,true,four-finite-non-nodata-pixelisarea-neighbours,false,false,water-or-outside,1.0700000524520874
canonical-24m-23-23,canonical-24m-2x2,2472,2088,553589.1380778195,4183453.648586667,0,-1.0700000524520874,true,four-finite-non-nodata-pixelisarea-neighbours,false,false,water-or-outside,1.0700000524520874
canonical-24m-24-23,canonical-24m-2x2,2496,2088,553613.1527896608,4183453.804985184,0,-1.0700000524520874,true,four-finite-non-nodata-pixelisarea-neighbours,false,false,water-or-outside,1.0700000524520874
canonical-24m-25-23,canonical-24m-2x2,2520,2088,553637.1675018077,4183453.9614537787,0,-1.0700000524520874,true,four-finite-non-nodata-pixelisarea-neighbours,false,false,water-or-outside,1.0700000524520874
canonical-24m-26-23,canonical-24m-2x2,2544,2088,553661.1822142601,4183454.1179924496,0,-1.0700000524520874,true,four-finite-non-nodata-pixelisarea-neighbours,false,false,water-or-outside,1.0700000524520874
canonical-24m-27-23,canonical-24m-2x2,2568,2088,553685.1969270182,4183454.2746011987,0,-1.0700000524520874,true,four-finite-non-nodata-pixelisarea-neighbours,false,false,water-or-outside,1.0700000524520874
canonical-24m-28-23,canonical-24m-2x2,2592,2088,553709.2116400822,4183454.431280025,0,-1.0700000524520874,true,four-finite-non-nodata-pixelisarea-neighbours,false,false,water-or-outside,1.0700000524520874
canonical-24m-29-23,canonical-24m-2x2,2616,2088,553733.2263534522,4183454.588028928,0,-1.0700000524520874,true,four-finite-non-nodata-pixelisarea-neighbours,false,false,water-or-outside,1.0700000524520874
canonical-24m-30-23,canonical-24m-2x2,2640,2088,553757.2410671284,4183454.7448479086,0,-1.0700000524520874,true,four-finite-non-nodata-pixelisarea-neighbours,false,false,water-or-outside,1.0700000524520874
canonical-24m-31-23,canonical-24m-2x2,2664,2088,553781.2557811108,4183454.9017369663,0,-1.0700000524520874,true,four-finite-non-nodata-pixelisarea-neighbours,false,false,water-or-outside,1.0700000524520874
canonical-24m-32-23,canonical-24m-2x2,2688,2088,553805.2704953996,4183455.058696102,0,-1.0700000524520874,true,four-finite-non-nodata-pixelisarea-neighbours,false,false,water-or-outside,1.0700000524520874
canonical-24m-0-24,canonical-24m-2x2,1920,2112,553036.6446065411,4183474.15232555,0.1,3.480434777602131,true,four-finite-non-nodata-pixelisarea-neighbours,true,true,land,-3.380434777602131
canonical-24m-1-24,canonical-24m-2x2,1944,2112,553060.6592411224,4183474.3071125955,0.2781464745868575,3.42970263939288,true,four-finite-non-nodata-pixelisarea-neighbours,true,true,land,-3.1515561648060224
canonical-24m-2-24,canonical-24m-2x2,1968,2112,553084.6738760059,4183474.4619697183,0.33379237292415953,3.155217742855225,true,four-finite-non-nodata-pixelisarea-neighbours,true,true,land,-2.8214253699310654
canonical-24m-3-24,canonical-24m-2x2,1992,2112,553108.688511192,4183474.6168969185,0.3104722938398044,3.2098460511191593,true,four-finite-non-nodata-pixelisarea-neighbours,true,true,land,-2.899373757279355
canonical-24m-4-24,canonical-24m-2x2,2016,2112,553132.7031466806,4183474.7718941956,0.16916891533642228,3.247672295022685,true,four-finite-non-nodata-pixelisarea-neighbours,true,true,land,-3.078503379686263
canonical-24m-5-24,canonical-24m-2x2,2040,2112,553156.7177824719,4183474.92696155,-0.0036028934401427237,3.234908342225342,true,four-finite-non-nodata-pixelisarea-neighbours,true,true,land,-3.238511235665485
canonical-24m-6-24,canonical-24m-2x2,2064,2112,553180.732418566,4183475.0820989814,-0.1651640623665861,3.2357964111942206,true,four-finite-non-nodata-pixelisarea-neighbours,true,true,land,-3.4009604735608066
canonical-24m-7-24,canonical-24m-2x2,2088,2112,553204.7470549631,4183475.23730649,-0.3259728768523571,3.387036229413222,true,four-finite-non-nodata-pixelisarea-neighbours,true,true,land,-3.713009106265579
canonical-24m-8-24,canonical-24m-2x2,2112,2112,553228.7616916612,4183475.392584076,-0.4517124179542718,2.978461185282045,true,four-finite-non-nodata-pixelisarea-neighbours,true,true,land,-3.430173603236317
canonical-24m-9-24,canonical-24m-2x2,2136,2112,553252.7763286646,4183475.5479317396,-0.45190283399319237,3.689717957533408,true,four-finite-non-nodata-pixelisarea-neighbours,true,true,land,-4.1416207915266
canonical-24m-10-24,canonical-24m-2x2,2160,2112,553276.7909659715,4183475.70334948,-0.3257417315645415,3.7399158546827165,true,four-finite-non-nodata-pixelisarea-neighbours,true,true,land,-4.065657586247258
canonical-24m-11-24,canonical-24m-2x2,2184,2112,553300.8056035821,4183475.858837298,-0.16550818298628386,3.731891557479461,true,four-finite-non-nodata-pixelisarea-neighbours,true,true,land,-3.8973997404657448
canonical-24m-12-24,canonical-24m-2x2,2208,2112,553324.8202414984,4183476.014395193,-0.041935402472541274,3.7717479366512103,true,four-finite-non-nodata-pixelisarea-neighbours,true,true,land,-3.8136833391237515
canonical-24m-13-24,canonical-24m-2x2,2232,2112,553348.8348797141,4183476.170023165,0,-1.0700000524520874,true,four-finite-non-nodata-pixelisarea-neighbours,false,false,water-or-outside,1.0700000524520874
canonical-24m-14-24,canonical-24m-2x2,2256,2112,553372.8495182359,4183476.325721215,0,-1.0700000524520874,true,four-finite-non-nodata-pixelisarea-neighbours,true,true,land,1.0700000524520874
canonical-24m-15-24,canonical-24m-2x2,2280,2112,553396.8641570619,4183476.481489342,0,-1.0700000524520874,true,four-finite-non-nodata-pixelisarea-neighbours,false,false,water-or-outside,1.0700000524520874
canonical-24m-16-24,canonical-24m-2x2,2304,2112,553420.878796192,4183476.6373275463,0,-1.0700000524520874,true,four-finite-non-nodata-pixelisarea-neighbours,false,false,water-or-outside,1.0700000524520874
canonical-24m-17-24,canonical-24m-2x2,2328,2112,553444.8934356265,4183476.7932358277,0,-1.0700000524520874,true,four-finite-non-nodata-pixelisarea-neighbours,false,false,water-or-outside,1.0700000524520874
canonical-24m-18-24,canonical-24m-2x2,2352,2112,553468.9080753656,4183476.9492141865,0,-1.0700000524520874,true,four-finite-non-nodata-pixelisarea-neighbours,false,false,water-or-outside,1.0700000524520874
canonical-24m-19-24,canonical-24m-2x2,2376,2112,553492.9227154092,4183477.105262623,0,-1.0700000524520874,true,four-finite-non-nodata-pixelisarea-neighbours,false,false,water-or-outside,1.0700000524520874
canonical-24m-20-24,canonical-24m-2x2,2400,2112,553516.9373557576,4183477.2613811367,0,-1.0700000524520874,true,four-finite-non-nodata-pixelisarea-neighbours,false,false,water-or-outside,1.0700000524520874
canonical-24m-21-24,canonical-24m-2x2,2424,2112,553540.9519964108,4183477.4175697276,0,-1.0700000524520874,true,four-finite-non-nodata-pixelisarea-neighbours,false,false,water-or-outside,1.0700000524520874
canonical-24m-22-24,canonical-24m-2x2,2448,2112,553564.9666373692,4183477.573828396,0,-1.0700000524520874,true,four-finite-non-nodata-pixelisarea-neighbours,false,false,water-or-outside,1.0700000524520874
canonical-24m-23-24,canonical-24m-2x2,2472,2112,553588.9812786304,4183477.7301571416,0,-1.0700000524520874,true,four-finite-non-nodata-pixelisarea-neighbours,false,false,water-or-outside,1.0700000524520874
canonical-24m-24-24,canonical-24m-2x2,2496,2112,553612.9959201993,4183477.886555965,0,-1.0700000524520874,true,four-finite-non-nodata-pixelisarea-neighbours,false,false,water-or-outside,1.0700000524520874
canonical-24m-25-24,canonical-24m-2x2,2520,2112,553637.0105620736,4183478.0430248654,0,-1.0700000524520874,true,four-finite-non-nodata-pixelisarea-neighbours,false,false,water-or-outside,1.0700000524520874
canonical-24m-26-24,canonical-24m-2x2,2544,2112,553661.0252042534,4183478.199563843,0,-1.0700000524520874,true,four-finite-non-nodata-pixelisarea-neighbours,false,false,water-or-outside,1.0700000524520874
canonical-24m-27-24,canonical-24m-2x2,2568,2112,553685.039846739,4183478.356172899,0,-1.0700000524520874,true,four-finite-non-nodata-pixelisarea-neighbours,false,false,water-or-outside,1.0700000524520874
canonical-24m-28-24,canonical-24m-2x2,2592,2112,553709.0544895304,4183478.5128520313,0,-1.0700000524520874,true,four-finite-non-nodata-pixelisarea-neighbours,false,false,water-or-outside,1.0700000524520874
canonical-24m-29-24,canonical-24m-2x2,2616,2112,553733.0691326278,4183478.669601242,0,-1.0700000524520874,true,four-finite-non-nodata-pixelisarea-neighbours,false,false,water-or-outside,1.0700000524520874
canonical-24m-30-24,canonical-24m-2x2,2640,2112,553757.0837760314,4183478.8264205293,0,-1.0700000524520874,true,four-finite-non-nodata-pixelisarea-neighbours,false,false,water-or-outside,1.0700000524520874
canonical-24m-31-24,canonical-24m-2x2,2664,2112,553781.0984197413,4183478.9833098943,0,-1.0700000524520874,true,four-finite-non-nodata-pixelisarea-neighbours,false,false,water-or-outside,1.0700000524520874
canonical-24m-32-24,canonical-24m-2x2,2688,2112,553805.1130637575,4183479.140269337,0,-1.0700000524520874,true,four-finite-non-nodata-pixelisarea-neighbours,false,false,water-or-outside,1.0700000524520874
canonical-24m-0-25,canonical-24m-2x2,1920,2136,553036.489422854,4183498.233889899,0.10610213644231269,3.4576888674956487,true,four-finite-non-nodata-pixelisarea-neighbours,true,true,land,-3.3515867310533363
canonical-24m-1-25,canonical-24m-2x2,1944,2136,553060.5039871626,4183498.388677248,0.3055852801288461,3.4855525593875463,true,four-finite-non-nodata-pixelisarea-neighbours,true,true,land,-3.1799672792587
canonical-24m-2-25,canonical-24m-2x2,1968,2136,553084.5185517735,4183498.5435346733,0.3917270199952023,3.3999819051709363,true,four-finite-non-nodata-pixelisarea-neighbours,true,true,land,-3.008254885175734
canonical-24m-3-25,canonical-24m-2x2,1992,2136,553108.5331166869,4183498.6984621766,0.3309901108848067,3.391892300098739,true,four-finite-non-nodata-pixelisarea-neighbours,true,true,land,-3.0609021892139325
canonical-24m-4-25,canonical-24m-2x2,2016,2136,553132.5476819028,4183498.8534597573,0.1296605101894892,3.1856048582824226,true,four-finite-non-nodata-pixelisarea-neighbours,true,true,land,-3.0559443480929334
canonical-24m-5-25,canonical-24m-2x2,2040,2136,553156.5622474214,4183499.008527416,-0.16452841971885787,3.3310668426566696,true,four-finite-non-nodata-pixelisarea-neighbours,true,true,land,-3.4955952623755273
canonical-24m-6-25,canonical-24m-2x2,2064,2136,553180.5768132429,4183499.1636651508,-0.5004413427391335,3.371268472948794,true,four-finite-non-nodata-pixelisarea-neighbours,true,true,land,-3.8717098156879275
canonical-24m-7-25,canonical-24m-2x2,2088,2136,553204.5913793673,4183499.3188729635,-0.6561288209960964,2.748787245198929,true,four-finite-non-nodata-pixelisarea-neighbours,true,true,land,-3.404916066195025
canonical-24m-8-25,canonical-24m-2x2,2112,2136,553228.6059457925,4183499.4741508537,-0.5785328661863554,3.114965558221963,true,four-finite-non-nodata-pixelisarea-neighbours,true,true,land,-3.693498424408318
canonical-24m-9-25,canonical-24m-2x2,2136,2136,553252.6205125233,4183499.629498821,-0.32901438742124584,3.3292032037671153,true,four-finite-non-nodata-pixelisarea-neighbours,true,true,land,-3.658217591188361
canonical-24m-10-25,canonical-24m-2x2,2160,2136,553276.6350795575,4183499.784916866,-0.10899615797317182,-1.0700000524520874,true,four-finite-non-nodata-pixelisarea-neighbours,false,false,water-or-outside,0.9610038944789155
canonical-24m-11-25,canonical-24m-2x2,2184,2136,553300.6496468952,4183499.9404049884,-0.041703109116087926,3.7556501391081483,true,four-finite-non-nodata-pixelisarea-neighbours,true,true,land,-3.797353248224236
canonical-24m-12-25,canonical-24m-2x2,2208,2136,553324.6642145388,4183500.095963188,0,3.7089292676495837,true,four-finite-non-nodata-pixelisarea-neighbours,true,true,land,-3.7089292676495837
canonical-24m-13-25,canonical-24m-2x2,2232,2136,553348.6787824817,4183500.251591465,0,3.674475706945695,true,four-finite-non-nodata-pixelisarea-neighbours,true,true,land,-3.674475706945695
canonical-24m-14-25,canonical-24m-2x2,2256,2136,553372.6933507308,4183500.4072898193,0,-1.0700000524520874,true,four-finite-non-nodata-pixelisarea-neighbours,false,false,water-or-outside,1.0700000524520874
canonical-24m-15-25,canonical-24m-2x2,2280,2136,553396.707919284,4183500.5630582515,0,-1.0700000524520874,true,four-finite-non-nodata-pixelisarea-neighbours,false,false,water-or-outside,1.0700000524520874
canonical-24m-16-25,canonical-24m-2x2,2304,2136,553420.7224881413,4183500.718896761,0,-1.0700000524520874,true,four-finite-non-nodata-pixelisarea-neighbours,false,false,water-or-outside,1.0700000524520874
canonical-24m-17-25,canonical-24m-2x2,2328,2136,553444.7370573031,4183500.874805348,0,-1.0700000524520874,true,four-finite-non-nodata-pixelisarea-neighbours,false,false,water-or-outside,1.0700000524520874
canonical-24m-18-25,canonical-24m-2x2,2352,2136,553468.7516267692,4183501.0307840123,0,-1.0700000524520874,true,four-finite-non-nodata-pixelisarea-neighbours,false,false,water-or-outside,1.0700000524520874
canonical-24m-19-25,canonical-24m-2x2,2376,2136,553492.76619654,4183501.186832754,0,-1.0700000524520874,true,four-finite-non-nodata-pixelisarea-neighbours,false,false,water-or-outside,1.0700000524520874
canonical-24m-20-25,canonical-24m-2x2,2400,2136,553516.7807666155,4183501.342951573,0,-1.0700000524520874,true,four-finite-non-nodata-pixelisarea-neighbours,false,false,water-or-outside,1.0700000524520874
canonical-24m-21-25,canonical-24m-2x2,2424,2136,553540.795336996,4183501.49914047,0,-1.0700000524520874,true,four-finite-non-nodata-pixelisarea-neighbours,false,false,water-or-outside,1.0700000524520874
canonical-24m-22-25,canonical-24m-2x2,2448,2136,553564.8099076815,4183501.655399444,0,-1.0700000524520874,true,four-finite-non-nodata-pixelisarea-neighbours,false,false,water-or-outside,1.0700000524520874
canonical-24m-23-25,canonical-24m-2x2,2472,2136,553588.8244786699,4183501.811728496,0,-1.0700000524520874,true,four-finite-non-nodata-pixelisarea-neighbours,false,false,water-or-outside,1.0700000524520874
canonical-24m-24-25,canonical-24m-2x2,2496,2136,553612.8390499658,4183501.968127625,0,-1.0700000524520874,true,four-finite-non-nodata-pixelisarea-neighbours,false,false,water-or-outside,1.0700000524520874
canonical-24m-25-25,canonical-24m-2x2,2520,2136,553636.8536215673,4183502.1245968323,0,-1.0700000524520874,true,four-finite-non-nodata-pixelisarea-neighbours,false,false,water-or-outside,1.0700000524520874
canonical-24m-26-25,canonical-24m-2x2,2544,2136,553660.8681934741,4183502.281136117,0,-1.0700000524520874,true,four-finite-non-nodata-pixelisarea-neighbours,false,false,water-or-outside,1.0700000524520874
canonical-24m-27-25,canonical-24m-2x2,2568,2136,553684.8827656868,4183502.4377454785,0,-1.0700000524520874,true,four-finite-non-nodata-pixelisarea-neighbours,false,false,water-or-outside,1.0700000524520874
canonical-24m-28-25,canonical-24m-2x2,2592,2136,553708.8973382054,4183502.5944249183,0,-1.0700000524520874,true,four-finite-non-nodata-pixelisarea-neighbours,false,false,water-or-outside,1.0700000524520874
canonical-24m-29-25,canonical-24m-2x2,2616,2136,553732.9119110298,4183502.7511744355,0,-1.0700000524520874,true,four-finite-non-nodata-pixelisarea-neighbours,false,false,water-or-outside,1.0700000524520874
canonical-24m-30-25,canonical-24m-2x2,2640,2136,553756.9264841605,4183502.90799403,0,-1.0700000524520874,true,four-finite-non-nodata-pixelisarea-neighbours,false,false,water-or-outside,1.0700000524520874
canonical-24m-31-25,canonical-24m-2x2,2664,2136,553780.9410575974,4183503.0648837024,0,-1.0700000524520874,true,four-finite-non-nodata-pixelisarea-neighbours,false,false,water-or-outside,1.0700000524520874
canonical-24m-32-25,canonical-24m-2x2,2688,2136,553804.9556313406,4183503.2218434527,0,-1.0700000524520874,true,four-finite-non-nodata-pixelisarea-neighbours,false,false,water-or-outside,1.0700000524520874
canonical-24m-0-26,canonical-24m-2x2,1920,2160,553036.3342384032,4183522.315455126,0.09897921542977416,3.336449711048822,true,four-finite-non-nodata-pixelisarea-neighbours,true,true,land,-3.237470495619048
canonical-24m-1-26,canonical-24m-2x2,1944,2160,553060.3487324389,4183522.470242778,0.20552185939512835,3.669987590046956,true,four-finite-non-nodata-pixelisarea-neighbours,true,true,land,-3.4644657306518276
canonical-24m-2-26,canonical-24m-2x2,1968,2160,553084.3632267768,4183522.625100507,0.3000814790656146,3.4310558445209596,true,four-finite-non-nodata-pixelisarea-neighbours,true,true,land,-3.130974365455345
canonical-24m-3-26,canonical-24m-2x2,1992,2160,553108.3777214171,4183522.780028314,0.2695382424378505,3.410347528018088,true,four-finite-non-nodata-pixelisarea-neighbours,true,true,land,-3.1408092855802376
canonical-24m-4-26,canonical-24m-2x2,2016,2160,553132.39221636,4183522.935026198,0.002533413089979824,3.230072380174272,true,four-finite-non-nodata-pixelisarea-neighbours,true,true,land,-3.227538967084292
canonical-24m-5-26,canonical-24m-2x2,2040,2160,553156.4067116056,4183523.09009416,-0.3574417489122896,3.4445569620590417,true,four-finite-non-nodata-pixelisarea-neighbours,true,true,land,-3.8019987109713314
canonical-24m-6-26,canonical-24m-2x2,2064,2160,553180.4212071539,4183523.245232199,-0.7756437596795545,2.850387192766083,true,four-finite-non-nodata-pixelisarea-neighbours,true,true,land,-3.6260309524456376
canonical-24m-7-26,canonical-24m-2x2,2088,2160,553204.4357030053,4183523.4004403153,-0.8641313166795328,3.0305314370436154,true,four-finite-non-nodata-pixelisarea-neighbours,true,true,land,-3.894662753723148
canonical-24m-8-26,canonical-24m-2x2,2112,2160,553228.4501991576,4183523.5557185095,-0.6067038278893813,-1.0700000524520874,true,four-finite-non-nodata-pixelisarea-neighbours,true,true,land,0.46329622456270614
canonical-24m-9-26,canonical-24m-2x2,2136,2160,553252.4646956153,4183523.711066781,-0.23481719654271535,3.112820413061953,true,four-finite-non-nodata-pixelisarea-neighbours,false,false,water-or-outside,-3.3476376096046683
canonical-24m-10-26,canonical-24m-2x2,2160,2160,553276.4791923764,4183523.86648513,0,-1.0700000524520874,true,four-finite-non-nodata-pixelisarea-neighbours,false,false,water-or-outside,1.0700000524520874
canonical-24m-11-26,canonical-24m-2x2,2184,2160,553300.493689441,4183524.021973557,0,-1.0700000524520874,true,four-finite-non-nodata-pixelisarea-neighbours,false,false,water-or-outside,1.0700000524520874
canonical-24m-12-26,canonical-24m-2x2,2208,2160,553324.5081868115,4183524.177532061,0,3.66288860097542,true,four-finite-non-nodata-pixelisarea-neighbours,true,true,land,-3.66288860097542
canonical-24m-13-26,canonical-24m-2x2,2232,2160,553348.5226844812,4183524.333160643,0,3.7613981938368566,true,four-finite-non-nodata-pixelisarea-neighbours,true,true,land,-3.7613981938368566
canonical-24m-14-26,canonical-24m-2x2,2256,2160,553372.5371824572,4183524.4888593024,0,3.701809690219079,true,four-finite-non-nodata-pixelisarea-neighbours,true,true,land,-3.701809690219079
canonical-24m-15-26,canonical-24m-2x2,2280,2160,553396.5516807373,4183524.644628039,0,-1.0700000524520874,true,four-finite-non-nodata-pixelisarea-neighbours,false,false,water-or-outside,1.0700000524520874
canonical-24m-16-26,canonical-24m-2x2,2304,2160,553420.5661793215,4183524.8004668537,0,-1.0700000524520874,true,four-finite-non-nodata-pixelisarea-neighbours,false,false,water-or-outside,1.0700000524520874
canonical-24m-17-26,canonical-24m-2x2,2328,2160,553444.58067821,4183524.956375746,0,-1.0700000524520874,true,four-finite-non-nodata-pixelisarea-neighbours,false,false,water-or-outside,1.0700000524520874
canonical-24m-18-26,canonical-24m-2x2,2352,2160,553468.5951774031,4183525.1123547154,0,-1.0700000524520874,true,four-finite-non-nodata-pixelisarea-neighbours,false,false,water-or-outside,1.0700000524520874
canonical-24m-19-26,canonical-24m-2x2,2376,2160,553492.6096769007,4183525.2684037625,0,-1.0700000524520874,true,four-finite-non-nodata-pixelisarea-neighbours,false,false,water-or-outside,1.0700000524520874
canonical-24m-20-26,canonical-24m-2x2,2400,2160,553516.624176703,4183525.4245228874,0,-1.0700000524520874,true,four-finite-non-nodata-pixelisarea-neighbours,false,false,water-or-outside,1.0700000524520874
canonical-24m-21-26,canonical-24m-2x2,2424,2160,553540.6386768103,4183525.5807120902,0,-1.0700000524520874,true,four-finite-non-nodata-pixelisarea-neighbours,false,false,water-or-outside,1.0700000524520874
canonical-24m-22-26,canonical-24m-2x2,2448,2160,553564.6531772226,4183525.736971371,0,-1.0700000524520874,true,four-finite-non-nodata-pixelisarea-neighbours,false,false,water-or-outside,1.0700000524520874
canonical-24m-23-26,canonical-24m-2x2,2472,2160,553588.6676779378,4183525.8933007284,0,-1.0700000524520874,true,four-finite-non-nodata-pixelisarea-neighbours,false,false,water-or-outside,1.0700000524520874
canonical-24m-24-26,canonical-24m-2x2,2496,2160,553612.6821789605,4183526.049700164,0,-1.0700000524520874,true,four-finite-non-nodata-pixelisarea-neighbours,false,false,water-or-outside,1.0700000524520874
canonical-24m-25-26,canonical-24m-2x2,2520,2160,553636.6966802886,4183526.206169677,0,-1.0700000524520874,true,four-finite-non-nodata-pixelisarea-neighbours,false,false,water-or-outside,1.0700000524520874
canonical-24m-26-26,canonical-24m-2x2,2544,2160,553660.7111819224,4183526.3627092685,0,-1.0700000524520874,true,four-finite-non-nodata-pixelisarea-neighbours,false,false,water-or-outside,1.0700000524520874
canonical-24m-27-26,canonical-24m-2x2,2568,2160,553684.7256838618,4183526.5193189373,0,-1.0700000524520874,true,four-finite-non-nodata-pixelisarea-neighbours,false,false,water-or-outside,1.0700000524520874
canonical-24m-28-26,canonical-24m-2x2,2592,2160,553708.740186107,4183526.6759986836,0,-1.0700000524520874,true,four-finite-non-nodata-pixelisarea-neighbours,false,false,water-or-outside,1.0700000524520874
canonical-24m-29-26,canonical-24m-2x2,2616,2160,553732.7546886583,4183526.832748507,0,-1.0700000524520874,true,four-finite-non-nodata-pixelisarea-neighbours,false,false,water-or-outside,1.0700000524520874
canonical-24m-30-26,canonical-24m-2x2,2640,2160,553756.7691915156,4183526.989568409,0,-1.0700000524520874,true,four-finite-non-nodata-pixelisarea-neighbours,false,false,water-or-outside,1.0700000524520874
canonical-24m-31-26,canonical-24m-2x2,2664,2160,553780.7836946792,4183527.1464583883,0,-1.0700000524520874,true,four-finite-non-nodata-pixelisarea-neighbours,false,false,water-or-outside,1.0700000524520874
canonical-24m-32-26,canonical-24m-2x2,2688,2160,553804.7981981492,4183527.303418446,0,-1.0700000524520874,true,four-finite-non-nodata-pixelisarea-neighbours,false,false,water-or-outside,1.0700000524520874
canonical-24m-0-27,canonical-24m-2x2,1920,2184,553036.1790531889,4183546.3970212364,0.040414141069163634,3.4479754905060482,true,four-finite-non-nodata-pixelisarea-neighbours,true,true,land,-3.4075613494368846
canonical-24m-1-27,canonical-24m-2x2,1944,2184,553060.1934769512,4183546.5518091912,0.05866579737608458,3.4466271293755875,true,four-finite-non-nodata-pixelisarea-neighbours,true,true,land,-3.387961331999503
canonical-24m-2-27,canonical-24m-2x2,1968,2184,553084.2079010158,4183546.706667223,0.07699066742606533,3.6476247513560294,true,four-finite-non-nodata-pixelisarea-neighbours,true,true,land,-3.570634083929964
canonical-24m-3-27,canonical-24m-2x2,1992,2184,553108.2223253828,4183546.8615953336,0.061111952530646954,3.9686108529644493,true,four-finite-non-nodata-pixelisarea-neighbours,true,true,land,-3.907498900433802
canonical-24m-4-27,canonical-24m-2x2,2016,2184,553132.2367500522,4183547.016593521,-0.12721361245307158,3.14137300092354,true,four-finite-non-nodata-pixelisarea-neighbours,true,true,land,-3.2685866133766117
canonical-24m-5-27,canonical-24m-2x2,2040,2184,553156.2511750244,4183547.171661786,-0.38002363024925284,3.05992791991011,true,four-finite-non-nodata-pixelisarea-neighbours,true,true,land,-3.4399515501593627
canonical-24m-6-27,canonical-24m-2x2,2064,2184,553180.2656002995,4183547.326800129,-0.6697052346469974,3.003464867709507,true,four-finite-non-nodata-pixelisarea-neighbours,true,true,land,-3.6731701023565044
canonical-24m-7-27,canonical-24m-2x2,2088,2184,553204.2800258774,4183547.4820085494,-0.6986976657411332,3.206312256623025,true,four-finite-non-nodata-pixelisarea-neighbours,true,true,land,-3.905009922364158
canonical-24m-8-27,canonical-24m-2x2,2112,2184,553228.2944517562,4183547.637287047,-0.4390406655190784,3.459350749411197,true,four-finite-non-nodata-pixelisarea-neighbours,true,true,land,-3.898391414930275
canonical-24m-9-27,canonical-24m-2x2,2136,2184,553252.3088779405,4183547.792635623,-0.14557574584570734,1.4083738158962094,true,four-finite-non-nodata-pixelisarea-neighbours,true,true,land,-1.5539495617419168
canonical-24m-10-27,canonical-24m-2x2,2160,2184,553276.3233044281,4183547.9480542764,0,-1.0700000524520874,true,four-finite-non-nodata-pixelisarea-neighbours,false,false,water-or-outside,1.0700000524520874
canonical-24m-11-27,canonical-24m-2x2,2184,2184,553300.3377312194,4183548.1035430077,0,-1.0700000524520874,true,four-finite-non-nodata-pixelisarea-neighbours,false,false,water-or-outside,1.0700000524520874
canonical-24m-12-27,canonical-24m-2x2,2208,2184,553324.3521583163,4183548.2591018165,0,-1.0700000524520874,true,four-finite-non-nodata-pixelisarea-neighbours,false,false,water-or-outside,1.0700000524520874
canonical-24m-13-27,canonical-24m-2x2,2232,2184,553348.3665857126,4183548.414730703,0,3.3432447315936953,true,four-finite-non-nodata-pixelisarea-neighbours,false,false,water-or-outside,-3.3432447315936953
canonical-24m-14-27,canonical-24m-2x2,2256,2184,553372.3810134152,4183548.5704296674,0,3.7132829277802983,true,four-finite-non-nodata-pixelisarea-neighbours,true,true,land,-3.7132829277802983
canonical-24m-15-27,canonical-24m-2x2,2280,2184,553396.3954414218,4183548.726198709,0,3.7346064549313382,true,four-finite-non-nodata-pixelisarea-neighbours,true,true,land,-3.7346064549313382
canonical-24m-16-27,canonical-24m-2x2,2304,2184,553420.4098697325,4183548.8820378287,0,-1.0656164164311117,true,four-finite-non-nodata-pixelisarea-neighbours,false,false,water-or-outside,1.0656164164311117
canonical-24m-17-27,canonical-24m-2x2,2328,2184,553444.4242983474,4183549.037947026,0,-1.0700000524520874,true,four-finite-non-nodata-pixelisarea-neighbours,false,false,water-or-outside,1.0700000524520874
canonical-24m-18-27,canonical-24m-2x2,2352,2184,553468.438727267,4183549.1939263013,0,-1.0700000524520874,true,four-finite-non-nodata-pixelisarea-neighbours,false,false,water-or-outside,1.0700000524520874
canonical-24m-19-27,canonical-24m-2x2,2376,2184,553492.4531564912,4183549.349975654,0,-1.0700000524520874,true,four-finite-non-nodata-pixelisarea-neighbours,false,false,water-or-outside,1.0700000524520874
canonical-24m-20-27,canonical-24m-2x2,2400,2184,553516.46758602,4183549.506095085,0,-1.0700000524520874,true,four-finite-non-nodata-pixelisarea-neighbours,false,false,water-or-outside,1.0700000524520874
canonical-24m-21-27,canonical-24m-2x2,2424,2184,553540.4820158537,4183549.662284593,0,-1.0700000524520874,true,four-finite-non-nodata-pixelisarea-neighbours,false,false,water-or-outside,1.0700000524520874
canonical-24m-22-27,canonical-24m-2x2,2448,2184,553564.4964459924,4183549.8185441797,0,-1.0700000524520874,true,four-finite-non-nodata-pixelisarea-neighbours,false,false,water-or-outside,1.0700000524520874
canonical-24m-23-27,canonical-24m-2x2,2472,2184,553588.510876434,4183549.9748738436,0,-1.0700000524520874,true,four-finite-non-nodata-pixelisarea-neighbours,false,false,water-or-outside,1.0700000524520874
canonical-24m-24-27,canonical-24m-2x2,2496,2184,553612.5253071832,4183550.1312735854,0,-1.0700000524520874,true,four-finite-non-nodata-pixelisarea-neighbours,false,false,water-or-outside,1.0700000524520874
canonical-24m-25-27,canonical-24m-2x2,2520,2184,553636.5397382377,4183550.2877434045,0,-1.0700000524520874,true,four-finite-non-nodata-pixelisarea-neighbours,false,false,water-or-outside,1.0700000524520874
canonical-24m-26-27,canonical-24m-2x2,2544,2184,553660.5541695979,4183550.444283302,0,-1.0700000524520874,true,four-finite-non-nodata-pixelisarea-neighbours,false,false,water-or-outside,1.0700000524520874
canonical-24m-27-27,canonical-24m-2x2,2568,2184,553684.5686012637,4183550.600893277,0,-1.0700000524520874,true,four-finite-non-nodata-pixelisarea-neighbours,false,false,water-or-outside,1.0700000524520874
canonical-24m-28-27,canonical-24m-2x2,2592,2184,553708.5830332354,4183550.7575733303,0,-1.0700000524520874,true,four-finite-non-nodata-pixelisarea-neighbours,false,false,water-or-outside,1.0700000524520874
canonical-24m-29-27,canonical-24m-2x2,2616,2184,553732.5974655129,4183550.9143234612,0,-1.0700000524520874,true,four-finite-non-nodata-pixelisarea-neighbours,false,false,water-or-outside,1.0700000524520874
canonical-24m-30-27,canonical-24m-2x2,2640,2184,553756.6118980967,4183551.07114367,0,-1.0700000524520874,true,four-finite-non-nodata-pixelisarea-neighbours,false,false,water-or-outside,1.0700000524520874
canonical-24m-31-27,canonical-24m-2x2,2664,2184,553780.6263309866,4183551.228033957,0,-1.0700000524520874,true,four-finite-non-nodata-pixelisarea-neighbours,false,false,water-or-outside,1.0700000524520874
canonical-24m-32-27,canonical-24m-2x2,2688,2184,553804.640764183,4183551.3849943215,0,-1.0700000524520874,true,four-finite-non-nodata-pixelisarea-neighbours,false,false,water-or-outside,1.0700000524520874
canonical-24m-0-28,canonical-24m-2x2,1920,2208,553036.023867211,4183570.4785882244,0.03256774132322299,3.4485629251261107,true,four-finite-non-nodata-pixelisarea-neighbours,true,true,land,-3.4159951838028877
canonical-24m-1-28,canonical-24m-2x2,1944,2208,553060.0382206995,4183570.6333764824,0,3.4482863009152105,true,four-finite-non-nodata-pixelisarea-neighbours,true,true,land,-3.4482863009152105
canonical-24m-2-28,canonical-24m-2x2,1968,2208,553084.0525744904,4183570.7882348183,0,3.6430876263277208,true,four-finite-non-nodata-pixelisarea-neighbours,true,true,land,-3.6430876263277208
canonical-24m-3-28,canonical-24m-2x2,1992,2208,553108.0669285837,4183570.9431632315,-0.09580640944673635,3.1479276470939914,true,four-finite-non-nodata-pixelisarea-neighbours,true,true,land,-3.2437340565407276
canonical-24m-4-28,canonical-24m-2x2,2016,2208,553132.0812829795,4183571.0981617225,-0.244260219747604,3.3055470888596563,true,four-finite-non-nodata-pixelisarea-neighbours,true,true,land,-3.54980730860726
canonical-24m-5-28,canonical-24m-2x2,2040,2208,553156.0956376779,4183571.2532302914,-0.3498186192171286,2.8874924883569113,true,four-finite-non-nodata-pixelisarea-neighbours,true,true,land,-3.23731110757404
canonical-24m-6-28,canonical-24m-2x2,2064,2208,553180.1099926792,4183571.4083689377,-0.39359292531849,2.7391764058628207,true,four-finite-non-nodata-pixelisarea-neighbours,true,true,land,-3.1327693311813105
canonical-24m-7-28,canonical-24m-2x2,2088,2208,553204.1243479834,4183571.563577662,-0.3148738520777068,-1.0700000524520874,true,four-finite-non-nodata-pixelisarea-neighbours,false,false,water-or-outside,0.7551262003743806
canonical-24m-8-28,canonical-24m-2x2,2112,2208,553228.1387035884,4183571.718856464,-0.20062593800974005,3.6185886512573084,true,four-finite-non-nodata-pixelisarea-neighbours,true,true,land,-3.8192145892670486
canonical-24m-9-28,canonical-24m-2x2,2136,2208,553252.153059499,4183571.8742053444,-0.08470482891386681,3.642413833742477,true,four-finite-non-nodata-pixelisarea-neighbours,true,true,land,-3.727118662656344
canonical-24m-10-28,canonical-24m-2x2,2160,2208,553276.1674157128,4183572.0296243015,0,3.6596307732351328,true,four-finite-non-nodata-pixelisarea-neighbours,true,true,land,-3.6596307732351328
canonical-24m-11-28,canonical-24m-2x2,2184,2208,553300.1817722302,4183572.1851133374,0,-1.0700000524520874,true,four-finite-non-nodata-pixelisarea-neighbours,false,false,water-or-outside,1.0700000524520874
canonical-24m-12-28,canonical-24m-2x2,2208,2208,553324.1961290535,4183572.3406724506,0,-1.0700000524520874,true,four-finite-non-nodata-pixelisarea-neighbours,false,false,water-or-outside,1.0700000524520874
canonical-24m-13-28,canonical-24m-2x2,2232,2208,553348.210486176,4183572.4963016417,0,-1.0700000524520874,true,four-finite-non-nodata-pixelisarea-neighbours,false,false,water-or-outside,1.0700000524520874
canonical-24m-14-28,canonical-24m-2x2,2256,2208,553372.2248436047,4183572.652000911,0,-1.0700000524520874,true,four-finite-non-nodata-pixelisarea-neighbours,false,false,water-or-outside,1.0700000524520874
canonical-24m-15-28,canonical-24m-2x2,2280,2208,553396.2392013373,4183572.807770258,0,3.7190660040225323,true,four-finite-non-nodata-pixelisarea-neighbours,true,true,land,-3.7190660040225323
canonical-24m-16-28,canonical-24m-2x2,2304,2208,553420.2535593743,4183572.9636096824,0,3.7234039340797853,true,four-finite-non-nodata-pixelisarea-neighbours,true,true,land,-3.7234039340797853
canonical-24m-17-28,canonical-24m-2x2,2328,2208,553444.2679177155,4183573.1195191853,0,3.642582247086814,true,four-finite-non-nodata-pixelisarea-neighbours,false,false,water-or-outside,-3.642582247086814
canonical-24m-18-28,canonical-24m-2x2,2352,2208,553468.2822763611,4183573.2754987655,0,-1.0700000524520874,true,four-finite-non-nodata-pixelisarea-neighbours,false,false,water-or-outside,1.0700000524520874
canonical-24m-19-28,canonical-24m-2x2,2376,2208,553492.2966353113,4183573.431548424,0,-1.0700000524520874,true,four-finite-non-nodata-pixelisarea-neighbours,false,false,water-or-outside,1.0700000524520874
canonical-24m-20-28,canonical-24m-2x2,2400,2208,553516.3109945664,4183573.58766816,0,-1.0700000524520874,true,four-finite-non-nodata-pixelisarea-neighbours,false,false,water-or-outside,1.0700000524520874
canonical-24m-21-28,canonical-24m-2x2,2424,2208,553540.3253541262,4183573.7438579747,0,-1.0700000524520874,true,four-finite-non-nodata-pixelisarea-neighbours,false,false,water-or-outside,1.0700000524520874
canonical-24m-22-28,canonical-24m-2x2,2448,2208,553564.339713991,4183573.9001178667,0,-1.0700000524520874,true,four-finite-non-nodata-pixelisarea-neighbours,false,false,water-or-outside,1.0700000524520874
canonical-24m-23-28,canonical-24m-2x2,2472,2208,553588.3540741587,4183574.056447837,0,-1.0700000524520874,true,four-finite-non-nodata-pixelisarea-neighbours,false,false,water-or-outside,1.0700000524520874
canonical-24m-24-28,canonical-24m-2x2,2496,2208,553612.3684346341,4183574.2128478843,0,-1.0700000524520874,true,four-finite-non-nodata-pixelisarea-neighbours,false,false,water-or-outside,1.0700000524520874
canonical-24m-25-28,canonical-24m-2x2,2520,2208,553636.3827954147,4183574.3693180108,0,-1.0700000524520874,true,four-finite-non-nodata-pixelisarea-neighbours,false,false,water-or-outside,1.0700000524520874
canonical-24m-26-28,canonical-24m-2x2,2544,2208,553660.3971565008,4183574.5258582146,0,-1.0700000524520874,true,four-finite-non-nodata-pixelisarea-neighbours,false,false,water-or-outside,1.0700000524520874
canonical-24m-27-28,canonical-24m-2x2,2568,2208,553684.4115178927,4183574.6824684963,0,-1.0700000524520874,true,four-finite-non-nodata-pixelisarea-neighbours,false,false,water-or-outside,1.0700000524520874
canonical-24m-28-28,canonical-24m-2x2,2592,2208,553708.4258795904,4183574.839148856,0,-1.0700000524520874,true,four-finite-non-nodata-pixelisarea-neighbours,false,false,water-or-outside,1.0700000524520874
canonical-24m-29-28,canonical-24m-2x2,2616,2208,553732.4402415941,4183574.995899294,0,-1.0700000524520874,true,four-finite-non-nodata-pixelisarea-neighbours,false,false,water-or-outside,1.0700000524520874
canonical-24m-30-28,canonical-24m-2x2,2640,2208,553756.4546039038,4183575.1527198097,0,-1.0700000524520874,true,four-finite-non-nodata-pixelisarea-neighbours,false,false,water-or-outside,1.0700000524520874
canonical-24m-31-28,canonical-24m-2x2,2664,2208,553780.4689665198,4183575.3096104036,0,-1.0700000524520874,true,four-finite-non-nodata-pixelisarea-neighbours,false,false,water-or-outside,1.0700000524520874
canonical-24m-32-28,canonical-24m-2x2,2688,2208,553804.4833294421,4183575.4665710754,0,-1.0700000524520874,true,four-finite-non-nodata-pixelisarea-neighbours,false,false,water-or-outside,1.0700000524520874
canonical-24m-0-29,canonical-24m-2x2,1920,2232,553035.8686804693,4183594.5601560916,0,3.509299619898025,true,four-finite-non-nodata-pixelisarea-neighbours,true,true,land,-3.509299619898025
canonical-24m-1-29,canonical-24m-2x2,1944,2232,553059.8829636839,4183594.7149446527,0,3.480777703443834,true,four-finite-non-nodata-pixelisarea-neighbours,true,true,land,-3.480777703443834
canonical-24m-2-29,canonical-24m-2x2,1968,2232,553083.8972472007,4183594.8698032913,-0.02297290813078354,3.1797005778418246,true,four-finite-non-nodata-pixelisarea-neighbours,true,true,land,-3.2026734859726083
canonical-24m-3-29,canonical-24m-2x2,1992,2232,553107.91153102,4183595.0247320076,-0.22775313992368407,3.3474154932060545,true,four-finite-non-nodata-pixelisarea-neighbours,true,true,land,-3.5751686331297385
canonical-24m-4-29,canonical-24m-2x2,2016,2232,553131.9258151416,4183595.1797308023,-0.3158206390071143,2.8017168369713317,true,four-finite-non-nodata-pixelisarea-neighbours,true,true,land,-3.117537475978446
canonical-24m-5-29,canonical-24m-2x2,2040,2232,553155.940099566,4183595.334799675,-0.2962596226519319,3.1511393136206314,true,four-finite-non-nodata-pixelisarea-neighbours,true,true,land,-3.447398936272563
canonical-24m-6-29,canonical-24m-2x2,2064,2232,553179.9543842932,4183595.489938625,-0.11871067424628806,-1.0700000524520874,true,four-finite-non-nodata-pixelisarea-neighbours,false,false,water-or-outside,0.9512893782057994
canonical-24m-7-29,canonical-24m-2x2,2088,2232,553203.9686693234,4183595.6451476533,0,-1.0700000524520874,true,four-finite-non-nodata-pixelisarea-neighbours,false,false,water-or-outside,1.0700000524520874
canonical-24m-8-29,canonical-24m-2x2,2112,2232,553227.9829546543,4183595.8004267593,0,-1.0700000524520874,true,four-finite-non-nodata-pixelisarea-neighbours,false,false,water-or-outside,1.0700000524520874
canonical-24m-9-29,canonical-24m-2x2,2136,2232,553251.9972402907,4183595.955775943,0,1.4321739168286125,true,four-finite-non-nodata-pixelisarea-neighbours,true,true,land,-1.4321739168286125
canonical-24m-10-29,canonical-24m-2x2,2160,2232,553276.0115262305,4183596.1111952052,0,3.6626783411591006,true,four-finite-non-nodata-pixelisarea-neighbours,true,true,land,-3.6626783411591006
canonical-24m-11-29,canonical-24m-2x2,2184,2232,553300.0258124737,4183596.266684545,0,3.6141146238208472,true,four-finite-non-nodata-pixelisarea-neighbours,true,true,land,-3.6141146238208472
canonical-24m-12-29,canonical-24m-2x2,2208,2232,553324.0400990228,4183596.422243963,0,-1.0700000524520874,true,four-finite-non-nodata-pixelisarea-neighbours,true,false,land,1.0700000524520874
canonical-24m-13-29,canonical-24m-2x2,2232,2232,553348.0543858712,4183596.577873459,0,-1.0700000524520874,true,four-finite-non-nodata-pixelisarea-neighbours,false,false,water-or-outside,1.0700000524520874
canonical-24m-14-29,canonical-24m-2x2,2256,2232,553372.0686730257,4183596.7335730325,0,-1.0700000524520874,true,four-finite-non-nodata-pixelisarea-neighbours,false,false,water-or-outside,1.0700000524520874
canonical-24m-15-29,canonical-24m-2x2,2280,2232,553396.0829604842,4183596.8893426848,0,-1.0700000524520874,true,four-finite-non-nodata-pixelisarea-neighbours,false,false,water-or-outside,1.0700000524520874
canonical-24m-16-29,canonical-24m-2x2,2304,2232,553420.097248247,4183597.0451824144,0,3.638026598755865,true,four-finite-non-nodata-pixelisarea-neighbours,true,true,land,-3.638026598755865
canonical-24m-17-29,canonical-24m-2x2,2328,2232,553444.111536314,4183597.2010922222,0,-1.0700000524520874,true,four-finite-non-nodata-pixelisarea-neighbours,false,false,water-or-outside,1.0700000524520874
canonical-24m-18-29,canonical-24m-2x2,2352,2232,553468.1258246854,4183597.357072108,0,-1.0700000524520874,true,four-finite-non-nodata-pixelisarea-neighbours,false,false,water-or-outside,1.0700000524520874
canonical-24m-19-29,canonical-24m-2x2,2376,2232,553492.1401133614,4183597.513122072,0,-1.0700000524520874,true,four-finite-non-nodata-pixelisarea-neighbours,false,false,water-or-outside,1.0700000524520874
canonical-24m-20-29,canonical-24m-2x2,2400,2232,553516.1544023423,4183597.669242114,0,-1.0700000524520874,true,four-finite-non-nodata-pixelisarea-neighbours,false,false,water-or-outside,1.0700000524520874
canonical-24m-21-29,canonical-24m-2x2,2424,2232,553540.1686916278,4183597.825432234,0,-1.0700000524520874,true,four-finite-non-nodata-pixelisarea-neighbours,false,false,water-or-outside,1.0700000524520874
canonical-24m-22-29,canonical-24m-2x2,2448,2232,553564.1829812184,4183597.981692432,0,-1.0700000524520874,true,four-finite-non-nodata-pixelisarea-neighbours,false,false,water-or-outside,1.0700000524520874
canonical-24m-23-29,canonical-24m-2x2,2472,2232,553588.1972711119,4183598.1380227082,0,-1.0700000524520874,true,four-finite-non-nodata-pixelisarea-neighbours,false,false,water-or-outside,1.0700000524520874
canonical-24m-24-29,canonical-24m-2x2,2496,2232,553612.2115613129,4183598.2944230624,0,-1.0700000524520874,true,four-finite-non-nodata-pixelisarea-neighbours,false,false,water-or-outside,1.0700000524520874
canonical-24m-25-29,canonical-24m-2x2,2520,2232,553636.2258518193,4183598.4508934943,0,-1.0700000524520874,true,four-finite-non-nodata-pixelisarea-neighbours,false,false,water-or-outside,1.0700000524520874
canonical-24m-26-29,canonical-24m-2x2,2544,2232,553660.2401426311,4183598.607434005,0,-1.0700000524520874,true,four-finite-non-nodata-pixelisarea-neighbours,false,false,water-or-outside,1.0700000524520874
canonical-24m-27-29,canonical-24m-2x2,2568,2232,553684.2544337488,4183598.7640445936,0,-1.0700000524520874,true,four-finite-non-nodata-pixelisarea-neighbours,false,false,water-or-outside,1.0700000524520874
canonical-24m-28-29,canonical-24m-2x2,2592,2232,553708.2687251722,4183598.92072526,0,-1.0700000524520874,true,four-finite-non-nodata-pixelisarea-neighbours,false,false,water-or-outside,1.0700000524520874
canonical-24m-29-29,canonical-24m-2x2,2616,2232,553732.2830169015,4183599.0774760046,0,-1.0700000524520874,true,four-finite-non-nodata-pixelisarea-neighbours,false,false,water-or-outside,1.0700000524520874
canonical-24m-30-29,canonical-24m-2x2,2640,2232,553756.297308937,4183599.234296827,0,-1.0700000524520874,true,four-finite-non-nodata-pixelisarea-neighbours,false,false,water-or-outside,1.0700000524520874
canonical-24m-31-29,canonical-24m-2x2,2664,2232,553780.3116012786,4183599.3911877284,0,-1.0700000524520874,true,four-finite-non-nodata-pixelisarea-neighbours,false,false,water-or-outside,1.0700000524520874
canonical-24m-32-29,canonical-24m-2x2,2688,2232,553804.3258939266,4183599.5481487075,0,,false,outside-parent-or-nodata-neighbour,false,false,water-or-outside,
canonical-24m-0-30,canonical-24m-2x2,1920,2256,553035.7134929642,4183618.6417248393,0,3.4608646446033084,true,four-finite-non-nodata-pixelisarea-neighbours,true,true,land,-3.4608646446033084
canonical-24m-1-30,canonical-24m-2x2,1944,2256,553059.7277059043,4183618.796513703,-0.00931626138902815,3.0138706978420546,true,four-finite-non-nodata-pixelisarea-neighbours,true,true,land,-3.023186959231083
canonical-24m-2-30,canonical-24m-2x2,1968,2256,553083.7419191467,4183618.9513726453,-0.14855795797316199,3.1068763442905127,true,four-finite-non-nodata-pixelisarea-neighbours,true,true,land,-3.2554343022636747
canonical-24m-3-30,canonical-24m-2x2,1992,2256,553107.7561326915,4183619.1063016653,-0.3380197782303867,2.9505934372071656,true,four-finite-non-nodata-pixelisarea-neighbours,true,true,land,-3.2886132154375525
canonical-24m-4-30,canonical-24m-2x2,2016,2256,553131.7703465389,4183619.2613007626,-0.3920021046347909,3.0619511712043113,true,four-finite-non-nodata-pixelisarea-neighbours,true,true,land,-3.453953275839102
canonical-24m-5-30,canonical-24m-2x2,2040,2256,553155.7845606889,4183619.4163699388,-0.2716897567034687,-0.8838667867221476,true,four-finite-non-nodata-pixelisarea-neighbours,false,false,water-or-outside,0.6121770300186788
canonical-24m-6-30,canonical-24m-2x2,2064,2256,553179.7987751416,4183619.5715091927,-0.08354630247005163,-1.0700000524520874,true,four-finite-non-nodata-pixelisarea-neighbours,false,false,water-or-outside,0.9864537499820358
canonical-24m-7-30,canonical-24m-2x2,2088,2256,553203.8129898973,4183619.726718525,0,-1.0700000524520874,true,four-finite-non-nodata-pixelisarea-neighbours,false,false,water-or-outside,1.0700000524520874
canonical-24m-8-30,canonical-24m-2x2,2112,2256,553227.8272049538,4183619.881997935,0,-1.0700000524520874,true,four-finite-non-nodata-pixelisarea-neighbours,false,false,water-or-outside,1.0700000524520874
canonical-24m-9-30,canonical-24m-2x2,2136,2256,553251.8414203158,4183620.037347423,0,-1.0700000524520874,true,four-finite-non-nodata-pixelisarea-neighbours,false,false,water-or-outside,1.0700000524520874
canonical-24m-10-30,canonical-24m-2x2,2160,2256,553275.8556359811,4183620.192766989,0,-1.0700000524520874,true,four-finite-non-nodata-pixelisarea-neighbours,false,false,water-or-outside,1.0700000524520874
canonical-24m-11-30,canonical-24m-2x2,2184,2256,553299.8698519497,4183620.3482566336,0,3.65683474354994,true,four-finite-non-nodata-pixelisarea-neighbours,true,true,land,-3.65683474354994
canonical-24m-12-30,canonical-24m-2x2,2208,2256,553323.8840682243,4183620.503816356,0,3.6319793362821784,true,four-finite-non-nodata-pixelisarea-neighbours,true,true,land,-3.6319793362821784
canonical-24m-13-30,canonical-24m-2x2,2232,2256,553347.8982847983,4183620.6594461566,0,3.6535453554085002,true,four-finite-non-nodata-pixelisarea-neighbours,true,true,land,-3.6535453554085002
canonical-24m-14-30,canonical-24m-2x2,2256,2256,553371.9125016783,4183620.8151460355,0,-1.0700000524520874,true,four-finite-non-nodata-pixelisarea-neighbours,false,false,water-or-outside,1.0700000524520874
canonical-24m-15-30,canonical-24m-2x2,2280,2256,553395.9267188624,4183620.970915992,0,-1.0700000524520874,true,four-finite-non-nodata-pixelisarea-neighbours,false,false,water-or-outside,1.0700000524520874
canonical-24m-16-30,canonical-24m-2x2,2304,2256,553419.9409363505,4183621.126756027,0,-1.0700000524520874,true,four-finite-non-nodata-pixelisarea-neighbours,false,false,water-or-outside,1.0700000524520874
canonical-24m-17-30,canonical-24m-2x2,2328,2256,553443.955154143,4183621.2826661402,0,-1.0700000524520874,true,four-finite-non-nodata-pixelisarea-neighbours,false,false,water-or-outside,1.0700000524520874
canonical-24m-18-30,canonical-24m-2x2,2352,2256,553467.9693722399,4183621.4386463314,0,-1.0700000524520874,true,four-finite-non-nodata-pixelisarea-neighbours,false,false,water-or-outside,1.0700000524520874
canonical-24m-19-30,canonical-24m-2x2,2376,2256,553491.9835906414,4183621.5946966005,0,-1.0700000524520874,true,four-finite-non-nodata-pixelisarea-neighbours,false,false,water-or-outside,1.0700000524520874
canonical-24m-20-30,canonical-24m-2x2,2400,2256,553515.9978093476,4183621.7508169482,0,-1.0700000524520874,true,four-finite-non-nodata-pixelisarea-neighbours,false,false,water-or-outside,1.0700000524520874
canonical-24m-21-30,canonical-24m-2x2,2424,2256,553540.0120283586,4183621.907007374,0,-1.0700000524520874,true,four-finite-non-nodata-pixelisarea-neighbours,false,false,water-or-outside,1.0700000524520874
canonical-24m-22-30,canonical-24m-2x2,2448,2256,553564.0262476746,4183622.0632678783,0,-1.0700000524520874,true,four-finite-non-nodata-pixelisarea-neighbours,false,false,water-or-outside,1.0700000524520874
canonical-24m-23-30,canonical-24m-2x2,2472,2256,553588.0404672935,4183622.21959846,0,-1.0700000524520874,true,four-finite-non-nodata-pixelisarea-neighbours,false,false,water-or-outside,1.0700000524520874
canonical-24m-24-30,canonical-24m-2x2,2496,2256,553612.0546872199,4183622.3759991205,0,-1.0700000524520874,true,four-finite-non-nodata-pixelisarea-neighbours,false,false,water-or-outside,1.0700000524520874
canonical-24m-25-30,canonical-24m-2x2,2520,2256,553636.0689074516,4183622.532469859,0,-1.0700000524520874,true,four-finite-non-nodata-pixelisarea-neighbours,false,false,water-or-outside,1.0700000524520874
canonical-24m-26-30,canonical-24m-2x2,2544,2256,553660.0831279889,4183622.6890106755,0,-1.0700000524520874,true,four-finite-non-nodata-pixelisarea-neighbours,false,false,water-or-outside,1.0700000524520874
canonical-24m-27-30,canonical-24m-2x2,2568,2256,553684.0973488318,4183622.845621571,0,-1.0700000524520874,true,four-finite-non-nodata-pixelisarea-neighbours,false,false,water-or-outside,1.0700000524520874
canonical-24m-28-30,canonical-24m-2x2,2592,2256,553708.1115699806,4183623.002302544,0,-1.0700000524520874,true,four-finite-non-nodata-pixelisarea-neighbours,false,false,water-or-outside,1.0700000524520874
canonical-24m-29-30,canonical-24m-2x2,2616,2256,553732.1257914352,4183623.1590535957,0,-1.0700000524520874,true,four-finite-non-nodata-pixelisarea-neighbours,false,false,water-or-outside,1.0700000524520874
canonical-24m-30-30,canonical-24m-2x2,2640,2256,553756.140013196,4183623.3158747256,0,-1.0700000524520874,true,four-finite-non-nodata-pixelisarea-neighbours,false,false,water-or-outside,1.0700000524520874
canonical-24m-31-30,canonical-24m-2x2,2664,2256,553780.154235263,4183623.4727659333,0,-1.0700000524520874,true,four-finite-non-nodata-pixelisarea-neighbours,false,false,water-or-outside,1.0700000524520874
canonical-24m-32-30,canonical-24m-2x2,2688,2256,553804.1684576364,4183623.62972722,0,,false,outside-parent-or-nodata-neighbour,false,false,water-or-outside,
canonical-24m-0-31,canonical-24m-2x2,1920,2280,553035.5583046954,4183642.723294464,0,3.452877334295375,true,four-finite-non-nodata-pixelisarea-neighbours,true,true,land,-3.452877334295375
canonical-24m-1-31,canonical-24m-2x2,1944,2280,553059.5724473608,4183642.878083631,-0.0761985826820137,2.993361358688452,true,four-finite-non-nodata-pixelisarea-neighbours,true,true,land,-3.0695599413704655
canonical-24m-2-31,canonical-24m-2x2,1968,2280,553083.5865903285,4183643.032942876,-0.17260423589860355,3.0778427080550417,true,four-finite-non-nodata-pixelisarea-neighbours,true,true,land,-3.250446943953645
canonical-24m-3-31,canonical-24m-2x2,1992,2280,553107.6007335986,4183643.1878721993,-0.3261059862767171,3.0523503823913023,true,four-finite-non-nodata-pixelisarea-neighbours,true,true,land,-3.3784563686680196
canonical-24m-4-31,canonical-24m-2x2,2016,2280,553131.6148771711,4183643.342871601,-0.31732056678761184,2.580664753185707,true,four-finite-non-nodata-pixelisarea-neighbours,false,false,water-or-outside,-2.897985319973319
canonical-24m-5-31,canonical-24m-2x2,2040,2280,553155.6290210463,4183643.4979410805,-0.220914913571022,-1.0700000524520874,true,four-finite-non-nodata-pixelisarea-neighbours,false,false,water-or-outside,0.8490851388810654
canonical-24m-6-31,canonical-24m-2x2,2064,2280,553179.6431652242,4183643.653080638,-0.07633463122344904,-1.0700000524520874,true,four-finite-non-nodata-pixelisarea-neighbours,false,false,water-or-outside,0.9936654212286383
canonical-24m-7-31,canonical-24m-2x2,2088,2280,553203.6573097052,4183643.808290274,0,-1.0700000524520874,true,four-finite-non-nodata-pixelisarea-neighbours,false,false,water-or-outside,1.0700000524520874
canonical-24m-8-31,canonical-24m-2x2,2112,2280,553227.6714544869,4183643.963569988,0,-1.0700000524520874,true,four-finite-non-nodata-pixelisarea-neighbours,false,false,water-or-outside,1.0700000524520874
canonical-24m-9-31,canonical-24m-2x2,2136,2280,553251.6855995741,4183644.11891978,0,-1.0700000524520874,true,four-finite-non-nodata-pixelisarea-neighbours,false,false,water-or-outside,1.0700000524520874
canonical-24m-10-31,canonical-24m-2x2,2160,2280,553275.6997449645,4183644.2743396508,0,-1.0700000524520874,true,four-finite-non-nodata-pixelisarea-neighbours,false,false,water-or-outside,1.0700000524520874
canonical-24m-11-31,canonical-24m-2x2,2184,2280,553299.7138906585,4183644.4298295993,0,-1.0700000524520874,true,four-finite-non-nodata-pixelisarea-neighbours,false,false,water-or-outside,1.0700000524520874
canonical-24m-12-31,canonical-24m-2x2,2208,2280,553323.7280366583,4183644.5853896267,0,3.6076427688803583,true,four-finite-non-nodata-pixelisarea-neighbours,true,true,land,-3.6076427688803583
canonical-24m-13-31,canonical-24m-2x2,2232,2280,553347.7421829572,4183644.741019732,0,3.529887033016431,true,four-finite-non-nodata-pixelisarea-neighbours,true,true,land,-3.529887033016431
canonical-24m-14-31,canonical-24m-2x2,2256,2280,553371.7563295624,4183644.8967199153,0,3.6045140130394877,true,four-finite-non-nodata-pixelisarea-neighbours,true,true,land,-3.6045140130394877
canonical-24m-15-31,canonical-24m-2x2,2280,2280,553395.7704764716,4183645.052490177,0,-1.0700000524520874,true,four-finite-non-nodata-pixelisarea-neighbours,false,false,water-or-outside,1.0700000524520874
canonical-24m-16-31,canonical-24m-2x2,2304,2280,553419.784623685,4183645.2083305167,0,-1.0700000524520874,true,four-finite-non-nodata-pixelisarea-neighbours,false,false,water-or-outside,1.0700000524520874
canonical-24m-17-31,canonical-24m-2x2,2328,2280,553443.7987712026,4183645.364240935,0,-1.0700000524520874,true,four-finite-non-nodata-pixelisarea-neighbours,false,false,water-or-outside,1.0700000524520874
canonical-24m-18-31,canonical-24m-2x2,2352,2280,553467.8129190245,4183645.5202214317,0,-1.0700000524520874,true,four-finite-non-nodata-pixelisarea-neighbours,false,false,water-or-outside,1.0700000524520874
canonical-24m-19-31,canonical-24m-2x2,2376,2280,553491.8270671511,4183645.6762720067,0,-1.0700000524520874,true,four-finite-non-nodata-pixelisarea-neighbours,false,false,water-or-outside,1.0700000524520874
canonical-24m-20-31,canonical-24m-2x2,2400,2280,553515.8412155823,4183645.83239266,0,-1.0700000524520874,true,four-finite-non-nodata-pixelisarea-neighbours,false,false,water-or-outside,1.0700000524520874
canonical-24m-21-31,canonical-24m-2x2,2424,2280,553539.8553643185,4183645.988583391,0,-1.0700000524520874,true,four-finite-non-nodata-pixelisarea-neighbours,false,false,water-or-outside,1.0700000524520874
canonical-24m-22-31,canonical-24m-2x2,2448,2280,553563.8695133596,4183646.144844201,0,-1.0700000524520874,true,four-finite-non-nodata-pixelisarea-neighbours,false,false,water-or-outside,1.0700000524520874
canonical-24m-23-31,canonical-24m-2x2,2472,2280,553587.8836627036,4183646.301175089,0,-1.0700000524520874,true,four-finite-non-nodata-pixelisarea-neighbours,false,false,water-or-outside,1.0700000524520874
canonical-24m-24-31,canonical-24m-2x2,2496,2280,553611.897812355,4183646.4575760555,0,-1.0700000524520874,true,four-finite-non-nodata-pixelisarea-neighbours,false,false,water-or-outside,1.0700000524520874
canonical-24m-25-31,canonical-24m-2x2,2520,2280,553635.9119623117,4183646.614047101,0,-1.0700000524520874,true,four-finite-non-nodata-pixelisarea-neighbours,false,false,water-or-outside,1.0700000524520874
canonical-24m-26-31,canonical-24m-2x2,2544,2280,553659.9261125741,4183646.770588224,0,-1.0700000524520874,true,four-finite-non-nodata-pixelisarea-neighbours,false,false,water-or-outside,1.0700000524520874
canonical-24m-27-31,canonical-24m-2x2,2568,2280,553683.940263142,4183646.927199425,0,-1.0700000524520874,true,four-finite-non-nodata-pixelisarea-neighbours,false,false,water-or-outside,1.0700000524520874
canonical-24m-28-31,canonical-24m-2x2,2592,2280,553707.9544140158,4183647.0838807053,0,-1.0700000524520874,true,four-finite-non-nodata-pixelisarea-neighbours,false,false,water-or-outside,1.0700000524520874
canonical-24m-29-31,canonical-24m-2x2,2616,2280,553731.9685651954,4183647.2406320637,0,-1.0700000524520874,true,four-finite-non-nodata-pixelisarea-neighbours,false,false,water-or-outside,1.0700000524520874
canonical-24m-30-31,canonical-24m-2x2,2640,2280,553755.9827166812,4183647.397453501,0,-1.0700000524520874,true,four-finite-non-nodata-pixelisarea-neighbours,false,false,water-or-outside,1.0700000524520874
canonical-24m-31-31,canonical-24m-2x2,2664,2280,553779.9968684731,4183647.554345016,0,,false,outside-parent-or-nodata-neighbour,false,false,water-or-outside,
canonical-24m-32-31,canonical-24m-2x2,2688,2280,553804.0110205715,4183647.7113066097,0,,false,outside-parent-or-nodata-neighbour,false,false,water-or-outside,
canonical-24m-0-32,canonical-24m-2x2,1920,2304,553035.403115663,4183666.8048649714,-0.018114492399884774,3.1670544761054558,true,four-finite-non-nodata-pixelisarea-neighbours,true,true,land,-3.1851689685053404
canonical-24m-1-32,canonical-24m-2x2,1944,2304,553059.4171880534,4183666.9596544416,-0.0925103985318321,3.22788757281626,true,four-finite-non-nodata-pixelisarea-neighbours,true,true,land,-3.3203979713480924
canonical-24m-2-32,canonical-24m-2x2,1968,2304,553083.4312607459,4183667.1145139895,-0.1767445018318579,2.9613005227771043,true,four-finite-non-nodata-pixelisarea-neighbours,true,true,land,-3.1380450246089624
canonical-24m-3-32,canonical-24m-2x2,1992,2304,553107.4453337409,4183667.269443616,-0.19304711750561637,1.7878930147140335,true,four-finite-non-nodata-pixelisarea-neighbours,true,true,land,-1.9809401322196498
canonical-24m-4-32,canonical-24m-2x2,2016,2304,553131.4594070383,4183667.4244433204,-0.1278046328363277,-1.0700000524520874,true,four-finite-non-nodata-pixelisarea-neighbours,true,true,land,0.9421954196157597
canonical-24m-5-32,canonical-24m-2x2,2040,2304,553155.4734806385,4183667.5795131037,-0.03625550951134781,-1.0700000524520874,true,four-finite-non-nodata-pixelisarea-neighbours,false,false,water-or-outside,1.0337445429407397
canonical-24m-6-32,canonical-24m-2x2,2064,2304,553179.4875545413,4183667.7346529653,0,-1.0700000524520874,true,four-finite-non-nodata-pixelisarea-neighbours,false,false,water-or-outside,1.0700000524520874
canonical-24m-7-32,canonical-24m-2x2,2088,2304,553203.5016287471,4183667.889862905,0,-1.0700000524520874,true,four-finite-non-nodata-pixelisarea-neighbours,false,false,water-or-outside,1.0700000524520874
canonical-24m-8-32,canonical-24m-2x2,2112,2304,553227.5157032537,4183668.045142923,0,-1.0700000524520874,true,four-finite-non-nodata-pixelisarea-neighbours,false,false,water-or-outside,1.0700000524520874
canonical-24m-9-32,canonical-24m-2x2,2136,2304,553251.5297780656,4183668.2004930195,0,-1.0700000524520874,true,four-finite-non-nodata-pixelisarea-neighbours,false,false,water-or-outside,1.0700000524520874
canonical-24m-10-32,canonical-24m-2x2,2160,2304,553275.543853181,4183668.3559131944,0,-1.0700000524520874,true,four-finite-non-nodata-pixelisarea-neighbours,false,false,water-or-outside,1.0700000524520874
canonical-24m-11-32,canonical-24m-2x2,2184,2304,553299.5579285997,4183668.511403447,0,-1.0700000524520874,true,four-finite-non-nodata-pixelisarea-neighbours,false,false,water-or-outside,1.0700000524520874
canonical-24m-12-32,canonical-24m-2x2,2208,2304,553323.5720043243,4183668.6669637784,0,-1.0700000524520874,true,four-finite-non-nodata-pixelisarea-neighbours,false,false,water-or-outside,1.0700000524520874
canonical-24m-13-32,canonical-24m-2x2,2232,2304,553347.5860803481,4183668.822594188,0,0.8374878311611819,true,four-finite-non-nodata-pixelisarea-neighbours,false,false,water-or-outside,-0.8374878311611819
canonical-24m-14-32,canonical-24m-2x2,2256,2304,553371.6001566781,4183668.9782946766,0,3.573824693160418,true,four-finite-non-nodata-pixelisarea-neighbours,true,true,land,-3.573824693160418
canonical-24m-15-32,canonical-24m-2x2,2280,2304,553395.6142333121,4183669.1340652434,0,-1.0700000524520874,true,four-finite-non-nodata-pixelisarea-neighbours,false,false,water-or-outside,1.0700000524520874
canonical-24m-16-32,canonical-24m-2x2,2304,2304,553419.6283102501,4183669.2899058885,0,-1.0700000524520874,true,four-finite-non-nodata-pixelisarea-neighbours,false,false,water-or-outside,1.0700000524520874
canonical-24m-17-32,canonical-24m-2x2,2328,2304,553443.6423874926,4183669.445816612,0,-1.0700000524520874,true,four-finite-non-nodata-pixelisarea-neighbours,false,false,water-or-outside,1.0700000524520874
canonical-24m-18-32,canonical-24m-2x2,2352,2304,553467.6564650394,4183669.601797414,0,-1.0700000524520874,true,four-finite-non-nodata-pixelisarea-neighbours,false,false,water-or-outside,1.0700000524520874
canonical-24m-19-32,canonical-24m-2x2,2376,2304,553491.6705428907,4183669.7578482945,0,-1.0700000524520874,true,four-finite-non-nodata-pixelisarea-neighbours,false,false,water-or-outside,1.0700000524520874
canonical-24m-20-32,canonical-24m-2x2,2400,2304,553515.6846210466,4183669.9139692527,0,-1.0700000524520874,true,four-finite-non-nodata-pixelisarea-neighbours,false,false,water-or-outside,1.0700000524520874
canonical-24m-21-32,canonical-24m-2x2,2424,2304,553539.6986995075,4183670.07016029,0,-1.0700000524520874,true,four-finite-non-nodata-pixelisarea-neighbours,false,false,water-or-outside,1.0700000524520874
canonical-24m-22-32,canonical-24m-2x2,2448,2304,553563.7127782733,4183670.2264214056,0,-1.0700000524520874,true,four-finite-non-nodata-pixelisarea-neighbours,false,false,water-or-outside,1.0700000524520874
canonical-24m-23-32,canonical-24m-2x2,2472,2304,553587.726857342,4183670.3827526,0,-1.0700000524520874,true,four-finite-non-nodata-pixelisarea-neighbours,false,false,water-or-outside,1.0700000524520874
canonical-24m-24-32,canonical-24m-2x2,2496,2304,553611.7409367181,4183670.539153873,0,-1.0700000524520874,true,four-finite-non-nodata-pixelisarea-neighbours,false,false,water-or-outside,1.0700000524520874
canonical-24m-25-32,canonical-24m-2x2,2520,2304,553635.7550163995,4183670.695625224,0,-1.0700000524520874,true,four-finite-non-nodata-pixelisarea-neighbours,false,false,water-or-outside,1.0700000524520874
canonical-24m-26-32,canonical-24m-2x2,2544,2304,553659.7690963866,4183670.8521666536,0,-1.0700000524520874,true,four-finite-non-nodata-pixelisarea-neighbours,false,false,water-or-outside,1.0700000524520874
canonical-24m-27-32,canonical-24m-2x2,2568,2304,553683.7831766793,4183671.008778162,0,-1.0700000524520874,true,four-finite-non-nodata-pixelisarea-neighbours,false,false,water-or-outside,1.0700000524520874
canonical-24m-28-32,canonical-24m-2x2,2592,2304,553707.7972572776,4183671.165459749,0,-1.0700000524520874,true,four-finite-non-nodata-pixelisarea-neighbours,false,false,water-or-outside,1.0700000524520874
canonical-24m-29-32,canonical-24m-2x2,2616,2304,553731.811338182,4183671.3222114136,0,-1.0700000524520874,true,four-finite-non-nodata-pixelisarea-neighbours,false,false,water-or-outside,1.0700000524520874
canonical-24m-30-32,canonical-24m-2x2,2640,2304,553755.8254193923,4183671.4790331577,0,,false,outside-parent-or-nodata-neighbour,false,false,water-or-outside,
canonical-24m-31-32,canonical-24m-2x2,2664,2304,553779.839500909,4183671.63592498,0,,false,outside-parent-or-nodata-neighbour,false,false,water-or-outside,
canonical-24m-32-32,canonical-24m-2x2,2688,2304,553803.8535827319,4183671.7928868807,0,,false,outside-parent-or-nodata-neighbour,false,false,water-or-outside,
hero-16m-0-0,hero-16m,2144,1728,553263.2745364901,4183090.294774566,0,3.4349796013432563,true,four-finite-non-nodata-pixelisarea-neighbours,true,true,land,-3.4349796013432563
hero-16m-1-0,hero-16m,2160,1728,553279.2850442722,4183090.3983909325,0,3.3028128675500783,true,four-finite-non-nodata-pixelisarea-neighbours,true,true,land,-3.3028128675500783
hero-16m-2-0,hero-16m,2176,1728,553295.2955521916,4183090.5020384435,0,3.3247755023088383,true,four-finite-non-nodata-pixelisarea-neighbours,true,true,land,-3.3247755023088383
hero-16m-3-0,hero-16m,2192,1728,553311.3060602436,4183090.605717099,0,3.1946381007391116,true,four-finite-non-nodata-pixelisarea-neighbours,true,true,land,-3.1946381007391116
hero-16m-4-0,hero-16m,2208,1728,553327.3165684331,4183090.7094268985,0,3.198450465275722,true,four-finite-non-nodata-pixelisarea-neighbours,true,true,land,-3.198450465275722
hero-16m-5-0,hero-16m,2224,1728,553343.3270767531,4183090.813167843,0,3.128924337728126,true,four-finite-non-nodata-pixelisarea-neighbours,true,true,land,-3.128924337728126
hero-16m-6-0,hero-16m,2240,1728,553359.3375852128,4183090.916939932,0,3.238192807816851,true,four-finite-non-nodata-pixelisarea-neighbours,true,true,land,-3.238192807816851
hero-16m-7-0,hero-16m,2256,1728,553375.3480938054,4183091.020743165,0,3.049102726166093,true,four-finite-non-nodata-pixelisarea-neighbours,true,true,land,-3.049102726166093
hero-16m-8-0,hero-16m,2272,1728,553391.3586025331,4183091.1245775428,0,3.1416717295390884,true,four-finite-non-nodata-pixelisarea-neighbours,true,true,land,-3.1416717295390884
hero-16m-9-0,hero-16m,2288,1728,553407.3691113985,4183091.2284430647,0,3.3298288136995913,true,four-finite-non-nodata-pixelisarea-neighbours,true,true,land,-3.3298288136995913
hero-16m-10-0,hero-16m,2304,1728,553423.3796203968,4183091.3323397315,0,3.208164107650052,true,four-finite-non-nodata-pixelisarea-neighbours,true,true,land,-3.208164107650052
hero-16m-11-0,hero-16m,2320,1728,553439.3901295305,4183091.436267543,0,3.026289739008665,true,four-finite-non-nodata-pixelisarea-neighbours,true,true,land,-3.026289739008665
hero-16m-12-0,hero-16m,2336,1728,553455.4006388017,4183091.5402264986,-0.14805202231193615,2.9401005027226366,true,four-finite-non-nodata-pixelisarea-neighbours,true,true,land,-3.0881525250345727
hero-16m-13-0,hero-16m,2352,1728,553471.4111482063,4183091.6442165994,-0.364149462754077,2.8699207188127516,true,four-finite-non-nodata-pixelisarea-neighbours,true,true,land,-3.2340701815668287
hero-16m-14-0,hero-16m,2368,1728,553487.4216577462,4183091.7482378436,-0.6743210542293183,2.8685321999903857,true,four-finite-non-nodata-pixelisarea-neighbours,true,true,land,-3.542853254219704
hero-16m-15-0,hero-16m,2384,1728,553503.4321674217,4183091.852290233,-0.9124033496037934,2.9876310941789,true,four-finite-non-nodata-pixelisarea-neighbours,true,true,land,-3.9000344437826935
hero-16m-16-0,hero-16m,2400,1728,553519.4426772349,4183091.956373767,-1.0696469487167786,2.417028522611947,true,four-finite-non-nodata-pixelisarea-neighbours,true,true,land,-3.4866754713287254
hero-16m-17-0,hero-16m,2416,1728,553535.4531871815,4183092.0604884457,-0.8936065211536861,2.6791129802438,true,four-finite-non-nodata-pixelisarea-neighbours,true,true,land,-3.572719501397486
hero-16m-18-0,hero-16m,2432,1728,553551.4636972637,4183092.1646342683,-0.6415021871631306,2.4459957108197385,true,four-finite-non-nodata-pixelisarea-neighbours,true,true,land,-3.0874978979828693
hero-16m-19-0,hero-16m,2448,1728,553567.4742074838,4183092.2688112357,-0.3325156307990864,-1.0700000524520874,true,four-finite-non-nodata-pixelisarea-neighbours,false,false,water-or-outside,0.737484421653001
hero-16m-20-0,hero-16m,2464,1728,553583.4847178373,4183092.3730193474,-0.12852373845249715,-1.0700000524520874,true,four-finite-non-nodata-pixelisarea-neighbours,false,false,water-or-outside,0.9414763139995903
hero-16m-21-0,hero-16m,2480,1728,553599.4952283266,4183092.4772586045,-0.012306359663621784,4.294147921436858,true,four-finite-non-nodata-pixelisarea-neighbours,false,false,water-or-outside,-4.30645428110048
hero-16m-22-0,hero-16m,2496,1728,553615.5057389517,4183092.581529005,-0.001125773750230204,-1.0700000524520874,true,four-finite-non-nodata-pixelisarea-neighbours,false,false,water-or-outside,1.0688742787018572
hero-16m-23-0,hero-16m,2512,1728,553631.5162497149,4183092.6858305507,0,-1.0700000524520874,true,four-finite-non-nodata-pixelisarea-neighbours,false,false,water-or-outside,1.0700000524520874
hero-16m-24-0,hero-16m,2528,1728,553647.5267606117,4183092.790163241,0,-1.0700000524520874,true,four-finite-non-nodata-pixelisarea-neighbours,false,false,water-or-outside,1.0700000524520874
hero-16m-0-1,hero-16m,2144,1744,553263.1706517114,4183106.3491432085,0,3.4010003244987566,true,four-finite-non-nodata-pixelisarea-neighbours,true,true,land,-3.4010003244987566
hero-16m-1-1,hero-16m,2160,1744,553279.1811282637,4183106.4527597106,0,3.354474301220225,true,four-finite-non-nodata-pixelisarea-neighbours,true,true,land,-3.354474301220225
hero-16m-2-1,hero-16m,2176,1744,553295.1916049533,4183106.5564073566,0,3.3651828329828537,true,four-finite-non-nodata-pixelisarea-neighbours,true,true,land,-3.3651828329828537
hero-16m-3-1,hero-16m,2192,1744,553311.2020817755,4183106.6600861475,0,3.381388176995009,true,four-finite-non-nodata-pixelisarea-neighbours,true,true,land,-3.381388176995009
hero-16m-4-1,hero-16m,2208,1744,553327.212558735,4183106.7637960827,0,3.191539776772952,true,four-finite-non-nodata-pixelisarea-neighbours,true,true,land,-3.191539776772952
hero-16m-5-1,hero-16m,2224,1744,553343.2230358253,4183106.8675371623,0,3.2023190040711453,true,four-finite-non-nodata-pixelisarea-neighbours,true,true,land,-3.2023190040711453
hero-16m-6-1,hero-16m,2240,1744,553359.233513055,4183106.9713093867,0,3.101847717009802,true,four-finite-non-nodata-pixelisarea-neighbours,true,true,land,-3.101847717009802
hero-16m-7-1,hero-16m,2256,1744,553375.2439904178,4183107.075112756,0,3.161409418381912,true,four-finite-non-nodata-pixelisarea-neighbours,true,true,land,-3.161409418381912
hero-16m-8-1,hero-16m,2272,1744,553391.2544679157,4183107.178947269,0,3.4398069428292333,true,four-finite-non-nodata-pixelisarea-neighbours,true,true,land,-3.4398069428292333
hero-16m-9-1,hero-16m,2288,1744,553407.2649455512,4183107.282812927,0,3.4519010113859476,true,four-finite-non-nodata-pixelisarea-neighbours,true,true,land,-3.4519010113859476
hero-16m-10-1,hero-16m,2304,1744,553423.2754233197,4183107.3867097297,-0.02476679997682979,3.3224890175609003,true,four-finite-non-nodata-pixelisarea-neighbours,true,true,land,-3.34725581753773
hero-16m-11-1,hero-16m,2320,1744,553439.2859012234,4183107.490637677,-0.09619999159337045,3.32948423470934,true,four-finite-non-nodata-pixelisarea-neighbours,true,true,land,-3.4256842263027103
hero-16m-12-1,hero-16m,2336,1744,553455.2963792649,4183107.5945967683,-0.32010593886896227,3.197027581367859,true,four-finite-non-nodata-pixelisarea-neighbours,true,true,land,-3.5171335202368215
hero-16m-13-1,hero-16m,2352,1744,553471.3068574395,4183107.698587004,-0.5893743910256336,3.0033754024011516,true,four-finite-non-nodata-pixelisarea-neighbours,true,true,land,-3.592749793426785
hero-16m-14-1,hero-16m,2368,1744,553487.3173357495,4183107.8026083848,-0.8750099726059961,2.994129844228176,true,four-finite-non-nodata-pixelisarea-neighbours,true,true,land,-3.869139816834172
hero-16m-15-1,hero-16m,2384,1744,553503.3278141951,4183107.9066609098,-1.0248758211062516,2.530173964797851,true,four-finite-non-nodata-pixelisarea-neighbours,true,true,land,-3.5550497859041026
hero-16m-16-1,hero-16m,2400,1744,553519.3382927785,4183108.0107445796,-1.067494924423451,2.6456245674025274,true,four-finite-non-nodata-pixelisarea-neighbours,true,true,land,-3.7131194918259784
hero-16m-17-1,hero-16m,2416,1744,553535.3487714952,4183108.1148593943,-0.8032504263737307,2.8348866597942957,true,four-finite-non-nodata-pixelisarea-neighbours,true,true,land,-3.6381370861680264
hero-16m-18-1,hero-16m,2432,1744,553551.3592503475,4183108.219005353,-0.5268753441361143,-1.0700000524520874,true,four-finite-non-nodata-pixelisarea-neighbours,false,false,water-or-outside,0.5431247083159731
hero-16m-19-1,hero-16m,2448,1744,553567.3697293376,4183108.3231824567,-0.2426743630166315,-1.0700000524520874,true,four-finite-non-nodata-pixelisarea-neighbours,false,false,water-or-outside,0.8273256894354559
hero-16m-20-1,hero-16m,2464,1744,553583.3802084613,4183108.4273907044,-0.08557965239170831,-1.0700000524520874,true,four-finite-non-nodata-pixelisarea-neighbours,false,false,water-or-outside,0.9844204000603791
hero-16m-21-1,hero-16m,2480,1744,553599.3906877207,4183108.531630097,0,-1.0700000524520874,true,four-finite-non-nodata-pixelisarea-neighbours,false,false,water-or-outside,1.0700000524520874
hero-16m-22-1,hero-16m,2496,1744,553615.4011671159,4183108.6359006343,0,-1.0674826494303895,true,four-finite-non-nodata-pixelisarea-neighbours,false,false,water-or-outside,1.0674826494303895
hero-16m-23-1,hero-16m,2512,1744,553631.4116466491,4183108.7402023156,0,-1.0700000524520874,true,four-finite-non-nodata-pixelisarea-neighbours,false,false,water-or-outside,1.0700000524520874
hero-16m-24-1,hero-16m,2528,1744,553647.422126316,4183108.844535142,0,-1.0700000524520874,true,four-finite-non-nodata-pixelisarea-neighbours,false,false,water-or-outside,1.0700000524520874
hero-16m-0-2,hero-16m,2144,1760,553263.066766592,4183122.4035122413,0,3.3957106720479753,true,four-finite-non-nodata-pixelisarea-neighbours,true,true,land,-3.3957106720479753
hero-16m-1-2,hero-16m,2160,1760,553279.0772119144,4183122.507128878,0,3.4061356199874235,true,four-finite-non-nodata-pixelisarea-neighbours,true,true,land,-3.4061356199874235
hero-16m-2-2,hero-16m,2176,1760,553295.087657374,4183122.61077666,0,3.4168394033169602,true,four-finite-non-nodata-pixelisarea-neighbours,true,true,land,-3.4168394033169602
hero-16m-3-2,hero-16m,2192,1760,553311.0981029662,4183122.714455586,0,3.422664730227722,true,four-finite-non-nodata-pixelisarea-neighbours,true,true,land,-3.422664730227722
hero-16m-4-2,hero-16m,2208,1760,553327.1085486958,4183122.8181656566,0,3.4174942262013293,true,four-finite-non-nodata-pixelisarea-neighbours,true,true,land,-3.4174942262013293
hero-16m-5-2,hero-16m,2224,1760,553343.1189945561,4183122.9219068717,0,3.0403716493019215,true,four-finite-non-nodata-pixelisarea-neighbours,true,true,land,-3.0403716493019215
hero-16m-6-2,hero-16m,2240,1760,553359.1294405559,4183123.025679232,0,3.1223012535108663,true,four-finite-non-nodata-pixelisarea-neighbours,true,true,land,-3.1223012535108663
hero-16m-7-2,hero-16m,2256,1760,553375.1398866887,4183123.129482736,0,3.3377291902147808,true,four-finite-non-nodata-pixelisarea-neighbours,true,true,land,-3.3377291902147808
hero-16m-8-2,hero-16m,2272,1760,553391.1503329566,4183123.233317385,0,3.5647069268206337,true,four-finite-non-nodata-pixelisarea-neighbours,true,true,land,-3.5647069268206337
hero-16m-9-2,hero-16m,2288,1760,553407.1607793621,4183123.337183179,0,3.761110563259484,true,four-finite-non-nodata-pixelisarea-neighbours,true,true,land,-3.761110563259484
hero-16m-10-2,hero-16m,2304,1760,553423.1712259005,4183123.4410801167,-0.04456676186177902,3.3721541495466107,true,four-finite-non-nodata-pixelisarea-neighbours,true,true,land,-3.41672091140839
hero-16m-11-2,hero-16m,2320,1760,553439.1816725745,4183123.5450081998,-0.17310763281723213,3.2757424834904336,true,four-finite-non-nodata-pixelisarea-neighbours,true,true,land,-3.448850116307666
hero-16m-12-2,hero-16m,2336,1760,553455.1921193859,4183123.648967427,-0.4541212594317415,3.175323237459832,true,four-finite-non-nodata-pixelisarea-neighbours,true,true,land,-3.6294444968915736
hero-16m-13-2,hero-16m,2352,1760,553471.2025663306,4183123.752957799,-0.7573835419770824,3.2068072530571814,true,four-finite-non-nodata-pixelisarea-neighbours,true,true,land,-3.9641907950342636
hero-16m-14-2,hero-16m,2368,1760,553487.2130134106,4183123.8569793156,-1.0017122347924787,2.7682227151639704,true,four-finite-non-nodata-pixelisarea-neighbours,true,true,land,-3.769934949956449
hero-16m-15-2,hero-16m,2384,1760,553503.2234606262,4183123.9610319766,-1.0541816678175722,2.684987695223482,true,four-finite-non-nodata-pixelisarea-neighbours,true,true,land,-3.739169363041054
hero-16m-16-2,hero-16m,2400,1760,553519.2339079796,4183124.065115782,-0.9826676312945992,2.8505582988563427,true,four-finite-non-nodata-pixelisarea-neighbours,true,true,land,-3.8332259301509417
hero-16m-17-2,hero-16m,2416,1760,553535.2443554662,4183124.1692307326,-0.6740685030014764,2.571212487458708,true,four-finite-non-nodata-pixelisarea-neighbours,true,true,land,-3.2452809904601843
hero-16m-18-2,hero-16m,2432,1760,553551.2548030885,4183124.2733768276,-0.40191623946106675,-1.0700000524520874,true,four-finite-non-nodata-pixelisarea-neighbours,false,false,water-or-outside,0.6680838129910207
hero-16m-19-2,hero-16m,2448,1760,553567.2652508487,4183124.377554067,-0.15916447950226242,-1.0683101890623896,true,four-finite-non-nodata-pixelisarea-neighbours,false,false,water-or-outside,0.9091457095601272
hero-16m-20-2,hero-16m,2464,1760,553583.2756987424,4183124.481762451,-0.05612970673782,-1.0700000524520874,true,four-finite-non-nodata-pixelisarea-neighbours,false,false,water-or-outside,1.0138703457142675
hero-16m-21-2,hero-16m,2480,1760,553599.2861467717,4183124.5860019797,0,-1.0700000524520874,true,four-finite-non-nodata-pixelisarea-neighbours,false,false,water-or-outside,1.0700000524520874
hero-16m-22-2,hero-16m,2496,1760,553615.296594937,4183124.6902726535,0,-1.0700000524520874,true,four-finite-non-nodata-pixelisarea-neighbours,false,false,water-or-outside,1.0700000524520874
hero-16m-23-2,hero-16m,2512,1760,553631.3070432402,4183124.794574471,0,-1.0700000524520874,true,four-finite-non-nodata-pixelisarea-neighbours,false,false,water-or-outside,1.0700000524520874
hero-16m-24-2,hero-16m,2528,1760,553647.317491677,4183124.8989074337,0,-0.16312089092814747,true,four-finite-non-nodata-pixelisarea-neighbours,false,false,water-or-outside,0.16312089092814747
hero-16m-0-3,hero-16m,2144,1776,553262.9628811318,4183138.457881665,0,3.4424931129261607,true,four-finite-non-nodata-pixelisarea-neighbours,true,true,land,-3.4424931129261607
hero-16m-1-3,hero-16m,2160,1776,553278.973295224,4183138.561498437,0,3.4974289325984547,true,four-finite-non-nodata-pixelisarea-neighbours,true,true,land,-3.4974289325984547
hero-16m-2-3,hero-16m,2176,1776,553294.9837094536,4183138.665146354,0,3.4860726359367695,true,four-finite-non-nodata-pixelisarea-neighbours,true,true,land,-3.4860726359367695
hero-16m-3-3,hero-16m,2192,1776,553310.9941238158,4183138.768825416,0,3.4752146892203246,true,four-finite-non-nodata-pixelisarea-neighbours,true,true,land,-3.4752146892203246
hero-16m-4-3,hero-16m,2208,1776,553327.0045383153,4183138.872535622,0,3.0636124047381212,true,four-finite-non-nodata-pixelisarea-neighbours,true,true,land,-3.0636124047381212
hero-16m-5-3,hero-16m,2224,1776,553343.0149529455,4183138.976276973,0,3.0362573446632934,true,four-finite-non-nodata-pixelisarea-neighbours,true,true,land,-3.0362573446632934
hero-16m-6-3,hero-16m,2240,1776,553359.0253677153,4183139.0800494677,0,3.463512174148188,true,four-finite-non-nodata-pixelisarea-neighbours,true,true,land,-3.463512174148188
hero-16m-7-3,hero-16m,2256,1776,553375.035782618,4183139.183853108,0,3.422104780383343,true,four-finite-non-nodata-pixelisarea-neighbours,true,true,land,-3.422104780383343
hero-16m-8-3,hero-16m,2272,1776,553391.0461976558,4183139.2876878926,0,3.5826261177861083,true,four-finite-non-nodata-pixelisarea-neighbours,true,true,land,-3.5826261177861083
hero-16m-9-3,hero-16m,2288,1776,553407.0566128313,4183139.391553822,0,3.6435056154312564,true,four-finite-non-nodata-pixelisarea-neighbours,true,true,land,-3.6435056154312564
hero-16m-10-3,hero-16m,2304,1776,553423.0670281397,4183139.4954508957,-0.04456676186177902,3.469667265473705,true,four-finite-non-nodata-pixelisarea-neighbours,true,true,land,-3.514234027335484
hero-16m-11-3,hero-16m,2320,1776,553439.0774435834,4183139.5993791143,-0.17310763281723213,3.3389930782985546,true,four-finite-non-nodata-pixelisarea-neighbours,true,true,land,-3.512100711115787
hero-16m-12-3,hero-16m,2336,1776,553455.0878591648,4183139.7033384773,-0.4541212594317415,3.3704799679500304,true,four-finite-non-nodata-pixelisarea-neighbours,true,true,land,-3.824601227381772
hero-16m-13-3,hero-16m,2352,1776,553471.0982748794,4183139.807328985,-0.7476821206741893,3.0320999072480577,true,four-finite-non-nodata-pixelisarea-neighbours,true,true,land,-3.7797820279222467
hero-16m-14-3,hero-16m,2368,1776,553487.1086907294,4183139.911350637,-0.9507039247246158,2.770808487799599,true,four-finite-non-nodata-pixelisarea-neighbours,true,true,land,-3.721512412524215
hero-16m-15-3,hero-16m,2384,1776,553503.1191067148,4183140.0154034346,-0.9057769422745388,2.9183680153764477,true,four-finite-non-nodata-pixelisarea-neighbours,true,true,land,-3.8241449576509865
hero-16m-16-3,hero-16m,2400,1776,553519.129522838,4183140.119487376,-0.7306671060260118,2.9816631771402324,true,four-finite-non-nodata-pixelisarea-neighbours,true,true,land,-3.7123302831662444
hero-16m-17-3,hero-16m,2416,1776,553535.1399390947,4183140.2236024626,-0.4633748664978588,3.147841088747871,true,four-finite-non-nodata-pixelisarea-neighbours,true,true,land,-3.6112159552457297
hero-16m-18-3,hero-16m,2432,1776,553551.1503554869,4183140.327748693,-0.23252949172241896,3.052701534953673,true,four-finite-non-nodata-pixelisarea-neighbours,true,true,land,-3.2852310266760916
hero-16m-19-3,hero-16m,2448,1776,553567.160772017,4183140.4319260684,-0.031545632510370875,1.9203875811020827,true,four-finite-non-nodata-pixelisarea-neighbours,false,false,water-or-outside,-1.9519332136124536
hero-16m-20-3,hero-16m,2464,1776,553583.1711886806,4183140.536134589,-0.011124637275875293,0.35749531813011975,true,four-finite-non-nodata-pixelisarea-neighbours,false,false,water-or-outside,-0.36861995540599507
hero-16m-21-3,hero-16m,2480,1776,553599.1816054798,4183140.6403742535,0,-1.0700000524520874,true,four-finite-non-nodata-pixelisarea-neighbours,false,false,water-or-outside,1.0700000524520874
hero-16m-22-3,hero-16m,2496,1776,553615.1920224149,4183140.7446450633,0,-1.0700000524520874,true,four-finite-non-nodata-pixelisarea-neighbours,false,false,water-or-outside,1.0700000524520874
hero-16m-23-3,hero-16m,2512,1776,553631.202439488,4183140.8489470175,0,-1.0700000524520874,true,four-finite-non-nodata-pixelisarea-neighbours,false,false,water-or-outside,1.0700000524520874
hero-16m-24-3,hero-16m,2528,1776,553647.2128566947,4183140.953280116,0,-1.0700000524520874,true,four-finite-non-nodata-pixelisarea-neighbours,false,false,water-or-outside,1.0700000524520874
hero-16m-0-4,hero-16m,2144,1792,553262.8589953306,4183154.512251479,0,2.9650179249675137,true,four-finite-non-nodata-pixelisarea-neighbours,true,true,land,-2.9650179249675137
hero-16m-1-4,hero-16m,2160,1792,553278.8693781928,4183154.6158683863,0,3.4505102577636304,true,four-finite-non-nodata-pixelisarea-neighbours,true,true,land,-3.4505102577636304
hero-16m-2-4,hero-16m,2176,1792,553294.8797611921,4183154.7195164394,0,3.500393909645239,true,four-finite-non-nodata-pixelisarea-neighbours,true,true,land,-3.500393909645239
hero-16m-3-4,hero-16m,2192,1792,553310.8901443243,4183154.823195636,0,3.12586638335092,true,four-finite-non-nodata-pixelisarea-neighbours,true,true,land,-3.12586638335092
hero-16m-4-4,hero-16m,2208,1792,553326.9005275937,4183154.9269059775,0,3.103937828486747,true,four-finite-non-nodata-pixelisarea-neighbours,true,true,land,-3.103937828486747
hero-16m-5-4,hero-16m,2224,1792,553342.9109109936,4183155.0306474636,0,3.0037602447563003,true,four-finite-non-nodata-pixelisarea-neighbours,true,true,land,-3.0037602447563003
hero-16m-6-4,hero-16m,2240,1792,553358.9212945332,4183155.1344200945,0,3.0616893670790386,true,four-finite-non-nodata-pixelisarea-neighbours,true,true,land,-3.0616893670790386
hero-16m-7-4,hero-16m,2256,1792,553374.9316782057,4183155.2382238703,0,3.5499154462393,true,four-finite-non-nodata-pixelisarea-neighbours,true,true,land,-3.5499154462393
hero-16m-8-4,hero-16m,2272,1792,553390.9420620134,4183155.3420587904,0,4.47986094925754,true,four-finite-non-nodata-pixelisarea-neighbours,true,true,land,-4.47986094925754
hero-16m-9-4,hero-16m,2288,1792,553406.9524459586,4183155.4459248553,0,3.6033421024253447,true,four-finite-non-nodata-pixelisarea-neighbours,true,true,land,-3.6033421024253447
hero-16m-10-4,hero-16m,2304,1792,553422.9628300369,4183155.5498220646,-0.05534827787874625,3.464960119871439,true,four-finite-non-nodata-pixelisarea-neighbours,true,true,land,-3.5203083977501852
hero-16m-11-4,hero-16m,2320,1792,553438.9732142505,4183155.653750419,-0.21498553998191858,3.442925201003451,true,four-finite-non-nodata-pixelisarea-neighbours,true,true,land,-3.6579107409853697
hero-16m-12-4,hero-16m,2336,1792,553454.9835986017,4183155.7577099176,-0.4779142878585332,3.2695225914077892,true,four-finite-non-nodata-pixelisarea-neighbours,true,true,land,-3.7474368792663224
hero-16m-13-4,hero-16m,2352,1792,553470.9939830861,4183155.8617005614,-0.7306773366503695,2.8960656974403656,true,four-finite-non-nodata-pixelisarea-neighbours,true,true,land,-3.626743034090735
hero-16m-14-4,hero-16m,2368,1792,553487.0043677059,4183155.9657223495,-0.8612958607881107,3.141405014088172,true,four-finite-non-nodata-pixelisarea-neighbours,true,true,land,-4.0027008748762825
hero-16m-15-4,hero-16m,2384,1792,553503.0147524611,4183156.0697752824,-0.772325998302216,3.0955610605091417,true,four-finite-non-nodata-pixelisarea-neighbours,true,true,land,-3.8678870588113576
hero-16m-16-4,hero-16m,2400,1792,553519.0251373542,4183156.17385936,-0.5716086980717591,3.056467369675744,true,four-finite-non-nodata-pixelisarea-neighbours,true,true,land,-3.628076067747503
hero-16m-17-4,hero-16m,2416,1792,553535.0355223806,4183156.277974582,-0.3145269561608529,3.0498162703682468,true,four-finite-non-nodata-pixelisarea-neighbours,true,true,land,-3.3643432265291
hero-16m-18-4,hero-16m,2432,1792,553551.0459075426,4183156.382120949,-0.12916073570411243,4.445418844112737,true,four-finite-non-nodata-pixelisarea-neighbours,false,false,water-or-outside,-4.57457957981685
hero-16m-19-4,hero-16m,2448,1792,553567.0562928425,4183156.4862984605,0,-1.0700000524520874,true,four-finite-non-nodata-pixelisarea-neighbours,false,false,water-or-outside,1.0700000524520874
hero-16m-20-4,hero-16m,2464,1792,553583.0666782758,4183156.590507117,0,-1.0700000524520874,true,four-finite-non-nodata-pixelisarea-neighbours,false,false,water-or-outside,1.0700000524520874
hero-16m-21-4,hero-16m,2480,1792,553599.0770638449,4183156.694746918,0,-1.0700000524520874,true,four-finite-non-nodata-pixelisarea-neighbours,false,false,water-or-outside,1.0700000524520874
hero-16m-22-4,hero-16m,2496,1792,553615.0874495497,4183156.799017864,0,-1.0700000524520874,true,four-finite-non-nodata-pixelisarea-neighbours,false,false,water-or-outside,1.0700000524520874
hero-16m-23-4,hero-16m,2512,1792,553631.0978353927,4183156.903319954,0,-1.0700000524520874,true,four-finite-non-nodata-pixelisarea-neighbours,false,false,water-or-outside,1.0700000524520874
hero-16m-24-4,hero-16m,2528,1792,553647.1082213691,4183157.0076531894,0,-1.0700000524520874,true,four-finite-non-nodata-pixelisarea-neighbours,false,false,water-or-outside,1.0700000524520874
hero-16m-0-5,hero-16m,2144,1808,553262.7551091887,4183170.566621686,0,3.1148602501089355,true,four-finite-non-nodata-pixelisarea-neighbours,true,true,land,-3.1148602501089355
hero-16m-1-5,hero-16m,2160,1808,553278.7654608206,4183170.6702387286,0,3.0257055025742643,true,four-finite-non-nodata-pixelisarea-neighbours,true,true,land,-3.0257055025742643
hero-16m-2-5,hero-16m,2176,1808,553294.7758125897,4183170.773886916,0,3.126040670646046,true,four-finite-non-nodata-pixelisarea-neighbours,true,true,land,-3.126040670646046
hero-16m-3-5,hero-16m,2192,1808,553310.7861644916,4183170.8775662486,0,3.15412453972874,true,four-finite-non-nodata-pixelisarea-neighbours,true,true,land,-3.15412453972874
hero-16m-4-5,hero-16m,2208,1808,553326.7965165307,4183170.981276726,0,3.1315462345035536,true,four-finite-non-nodata-pixelisarea-neighbours,true,true,land,-3.1315462345035536
hero-16m-5-5,hero-16m,2224,1808,553342.8068687003,4183171.0850183475,0,3.1154181924432054,true,four-finite-non-nodata-pixelisarea-neighbours,true,true,land,-3.1154181924432054
hero-16m-6-5,hero-16m,2240,1808,553358.8172210098,4183171.188791114,0,3.4375779694115853,true,four-finite-non-nodata-pixelisarea-neighbours,true,true,land,-3.4375779694115853
hero-16m-7-5,hero-16m,2256,1808,553374.8275734519,4183171.292595025,0,3.8736647501403634,true,four-finite-non-nodata-pixelisarea-neighbours,true,true,land,-3.8736647501403634
hero-16m-8-5,hero-16m,2272,1808,553390.8379260293,4183171.3964300808,0,3.224883202172718,true,four-finite-non-nodata-pixelisarea-neighbours,true,true,land,-3.224883202172718
hero-16m-9-5,hero-16m,2288,1808,553406.8482787444,4183171.500296281,0,3.4428672332317896,true,four-finite-non-nodata-pixelisarea-neighbours,true,true,land,-3.4428672332317896
hero-16m-10-5,hero-16m,2304,1808,553422.8586315922,4183171.6041936264,-0.06403038174314743,3.508808518843891,true,four-finite-non-nodata-pixelisarea-neighbours,true,true,land,-3.5728389005870387
hero-16m-11-5,hero-16m,2320,1808,553438.8689845756,4183171.7081221165,-0.24870884374136829,3.431346288136599,true,four-finite-non-nodata-pixelisarea-neighbours,true,true,land,-3.6800551318779675
hero-16m-12-5,hero-16m,2336,1808,553454.8793376965,4183171.812081751,-0.4906429086980666,3.046475268595906,true,four-finite-non-nodata-pixelisarea-neighbours,true,true,land,-3.537118177293973
hero-16m-13-5,hero-16m,2352,1808,553470.8896909505,4183171.91607253,-0.7005304918570033,3.2171403899610413,true,four-finite-non-nodata-pixelisarea-neighbours,true,true,land,-3.9176708818180446
hero-16m-14-5,hero-16m,2368,1808,553486.9000443401,4183172.0200944543,-0.756668082899771,4.118828804297127,true,four-finite-non-nodata-pixelisarea-neighbours,true,true,land,-4.875496887196898
hero-16m-15-5,hero-16m,2384,1808,553502.9103978651,4183172.124147523,-0.649306814029099,1.9994879442834712,true,four-finite-non-nodata-pixelisarea-neighbours,true,true,land,-2.64879475831257
hero-16m-16-5,hero-16m,2400,1808,553518.9207515278,4183172.2282317365,-0.4557219259636327,3.129100749208636,true,four-finite-non-nodata-pixelisarea-neighbours,true,true,land,-3.5848226751722683
hero-16m-17-5,hero-16m,2416,1808,553534.931105324,4183172.3323470945,-0.19864018405272646,4.210485737729669,true,four-finite-non-nodata-pixelisarea-neighbours,true,true,land,-4.409125921782395
hero-16m-18-5,hero-16m,2432,1808,553550.9414592556,4183172.4364935975,-0.05551105869251988,-1.0700000524520874,true,four-finite-non-nodata-pixelisarea-neighbours,false,false,water-or-outside,1.0144889937595676
hero-16m-19-5,hero-16m,2448,1808,553566.9518133252,4183172.540671245,0,-1.0700000524520874,true,four-finite-non-nodata-pixelisarea-neighbours,false,false,water-or-outside,1.0700000524520874
hero-16m-20-5,hero-16m,2464,1808,553582.9621675282,4183172.6448800378,0,-1.0700000524520874,true,four-finite-non-nodata-pixelisarea-neighbours,false,false,water-or-outside,1.0700000524520874
hero-16m-21-5,hero-16m,2480,1808,553598.972521867,4183172.7491199747,0,-1.0700000524520874,true,four-finite-non-nodata-pixelisarea-neighbours,false,false,water-or-outside,1.0700000524520874
hero-16m-22-5,hero-16m,2496,1808,553614.9828763416,4183172.853391057,0,-1.0700000524520874,true,four-finite-non-nodata-pixelisarea-neighbours,false,false,water-or-outside,1.0700000524520874
hero-16m-23-5,hero-16m,2512,1808,553630.9932309542,4183172.9576932834,0,-1.0700000524520874,true,four-finite-non-nodata-pixelisarea-neighbours,false,false,water-or-outside,1.0700000524520874
hero-16m-24-5,hero-16m,2528,1808,553647.0035857003,4183173.0620266544,0,-1.0700000524520874,true,four-finite-non-nodata-pixelisarea-neighbours,false,false,water-or-outside,1.0700000524520874
hero-16m-0-6,hero-16m,2144,1824,553262.651222706,4183186.620992282,0,3.3132216581405256,true,four-finite-non-nodata-pixelisarea-neighbours,true,true,land,-3.3132216581405256
hero-16m-1-6,hero-16m,2160,1824,553278.6615431075,4183186.72460946,0,3.130142472619828,true,four-finite-non-nodata-pixelisarea-neighbours,true,true,land,-3.130142472619828
hero-16m-2-6,hero-16m,2176,1824,553294.6718636462,4183186.8282577833,0,3.0764736209684607,true,four-finite-non-nodata-pixelisarea-neighbours,true,true,land,-3.0764736209684607
hero-16m-3-6,hero-16m,2192,1824,553310.6821843177,4183186.931937251,0,3.2574627289842115,true,four-finite-non-nodata-pixelisarea-neighbours,true,true,land,-3.2574627289842115
hero-16m-4-6,hero-16m,2208,1824,553326.6925051265,4183187.0356478635,0,3.1813729955004613,true,four-finite-non-nodata-pixelisarea-neighbours,true,true,land,-3.1813729955004613
hero-16m-5-6,hero-16m,2224,1824,553342.7028260658,4183187.1393896206,0,3.2948661117991387,true,four-finite-non-nodata-pixelisarea-neighbours,true,true,land,-3.2948661117991387
hero-16m-6-6,hero-16m,2240,1824,553358.7131471448,4183187.2431625226,0,3.403495848596848,true,four-finite-non-nodata-pixelisarea-neighbours,true,true,land,-3.403495848596848
hero-16m-7-6,hero-16m,2256,1824,553374.7234683566,4183187.346966569,0,3.0557722447076405,true,four-finite-non-nodata-pixelisarea-neighbours,true,true,land,-3.0557722447076405
hero-16m-8-6,hero-16m,2272,1824,553390.7337897037,4183187.4508017604,0,3.3299111420740064,true,four-finite-non-nodata-pixelisarea-neighbours,true,true,land,-3.3299111420740064
hero-16m-9-6,hero-16m,2288,1824,553406.7441111882,4183187.5546680964,0,3.645255060820398,true,four-finite-non-nodata-pixelisarea-neighbours,true,true,land,-3.645255060820398
hero-16m-10-6,hero-16m,2304,1824,553422.7544328058,4183187.658565577,-0.04970875577970407,3.4760503251073986,true,four-finite-non-nodata-pixelisarea-neighbours,true,true,land,-3.5257590808871027
hero-16m-11-6,hero-16m,2320,1824,553438.7647545587,4183187.762494203,-0.1930803290129588,3.0350763606725994,true,four-finite-non-nodata-pixelisarea-neighbours,true,true,land,-3.2281566896855582
hero-16m-12-6,hero-16m,2336,1824,553454.7750764493,4183187.8664539736,-0.42637247322034,3.2315682429640185,true,four-finite-non-nodata-pixelisarea-neighbours,true,true,land,-3.6579407161843585
hero-16m-13-6,hero-16m,2352,1824,553470.7853984729,4183187.970444889,-0.6265586350763844,3.903521462023667,true,four-finite-non-nodata-pixelisarea-neighbours,true,true,land,-4.530080097100051
hero-16m-14-6,hero-16m,2368,1824,553486.7957206321,4183188.0744669484,-0.6413893373541861,4.8390523307137245,true,four-finite-non-nodata-pixelisarea-neighbours,true,true,land,-5.480441668067911
hero-16m-15-6,hero-16m,2384,1824,553502.8060429266,4183188.178520153,-0.5488107064287437,4.782637003588599,true,four-finite-non-nodata-pixelisarea-neighbours,true,true,land,-5.3314477100173425
hero-16m-16-6,hero-16m,2400,1824,553518.816365359,4183188.2826045025,-0.3914514904859061,3.649178009437551,true,four-finite-non-nodata-pixelisarea-neighbours,true,true,land,-4.040629499923457
hero-16m-17-6,hero-16m,2416,1824,553534.8266879247,4183188.3867199966,-0.1343697485749999,-1.0700000524520874,true,four-finite-non-nodata-pixelisarea-neighbours,true,true,land,0.9356303038770875
hero-16m-18-6,hero-16m,2432,1824,553550.837010626,4183188.4908666355,-0.014665181909340179,-1.0700000524520874,true,four-finite-non-nodata-pixelisarea-neighbours,true,true,land,1.0553348705427472
hero-16m-19-6,hero-16m,2448,1824,553566.8473334651,4183188.595044419,0,-1.0700000524520874,true,four-finite-non-nodata-pixelisarea-neighbours,false,false,water-or-outside,1.0700000524520874
hero-16m-20-6,hero-16m,2464,1824,553582.8576564378,4183188.6992533477,0,-1.0700000524520874,true,four-finite-non-nodata-pixelisarea-neighbours,false,false,water-or-outside,1.0700000524520874
hero-16m-21-6,hero-16m,2480,1824,553598.8679795461,4183188.8034934206,0,-1.0700000524520874,true,four-finite-non-nodata-pixelisarea-neighbours,false,false,water-or-outside,1.0700000524520874
hero-16m-22-6,hero-16m,2496,1824,553614.8783027902,4183188.907764639,0,-1.0700000524520874,true,four-finite-non-nodata-pixelisarea-neighbours,false,false,water-or-outside,1.0700000524520874
hero-16m-23-6,hero-16m,2512,1824,553630.8886261724,4183189.0120670013,0,-1.0700000524520874,true,four-finite-non-nodata-pixelisarea-neighbours,false,false,water-or-outside,1.0700000524520874
hero-16m-24-6,hero-16m,2528,1824,553646.8989496882,4183189.116400509,0,-1.0700000524520874,true,four-finite-non-nodata-pixelisarea-neighbours,false,false,water-or-outside,1.0700000524520874
hero-16m-0-7,hero-16m,2144,1840,553262.5473358823,4183202.675363269,0,3.4472217849301274,true,four-finite-non-nodata-pixelisarea-neighbours,true,true,land,-3.4472217849301274
hero-16m-1-7,hero-16m,2160,1840,553278.5576250535,4183202.7789805825,0,3.2476527245218736,true,four-finite-non-nodata-pixelisarea-neighbours,true,true,land,-3.2476527245218736
hero-16m-2-7,hero-16m,2176,1840,553294.5679143616,4183202.882629041,0,3.2738005835345323,true,four-finite-non-nodata-pixelisarea-neighbours,true,true,land,-3.2738005835345323
hero-16m-3-7,hero-16m,2192,1840,553310.5782038027,4183202.9863086445,0,3.300873636699194,true,four-finite-non-nodata-pixelisarea-neighbours,true,true,land,-3.300873636699194
hero-16m-4-7,hero-16m,2208,1840,553326.5884933809,4183203.0900193923,0,3.0453966624887925,true,four-finite-non-nodata-pixelisarea-neighbours,true,true,land,-3.0453966624887925
hero-16m-5-7,hero-16m,2224,1840,553342.5987830899,4183203.193761285,0,3.005492741593076,true,four-finite-non-nodata-pixelisarea-neighbours,true,true,land,-3.005492741593076
hero-16m-6-7,hero-16m,2240,1840,553358.6090729383,4183203.2975343224,0,2.8934324032717997,true,four-finite-non-nodata-pixelisarea-neighbours,true,true,land,-2.8934324032717997
hero-16m-7-7,hero-16m,2256,1840,553374.6193629197,4183203.4013385046,0,3.337683881329148,true,four-finite-non-nodata-pixelisarea-neighbours,true,true,land,-3.337683881329148
hero-16m-8-7,hero-16m,2272,1840,553390.6296530364,4183203.5051738317,0,3.658154048887404,true,four-finite-non-nodata-pixelisarea-neighbours,true,true,land,-3.658154048887404
hero-16m-9-7,hero-16m,2288,1840,553406.6399432904,4183203.609040303,-0.047796830722273705,3.623238527201912,true,four-finite-non-nodata-pixelisarea-neighbours,true,true,land,-3.6710353579241857
hero-16m-10-7,hero-16m,2304,1840,553422.6502336775,4183203.71293792,-0.12695670146734983,3.057352442868868,true,four-finite-non-nodata-pixelisarea-neighbours,true,true,land,-3.184309144336218
hero-16m-11-7,hero-16m,2320,1840,553438.6605242,4183203.816866681,-0.25549757242280297,3.1828087618419656,true,four-finite-non-nodata-pixelisarea-neighbours,true,true,land,-3.4383063342647686
hero-16m-12-7,hero-16m,2336,1840,553454.6708148599,4183203.9208265874,-0.46474991193389115,3.3235648846205317,true,four-finite-non-nodata-pixelisarea-neighbours,true,true,land,-3.788314796554423
hero-16m-13-7,hero-16m,2352,1840,553470.681105653,4183204.024817638,-0.6349767179013299,3.375568284404544,true,four-finite-non-nodata-pixelisarea-neighbours,true,true,land,-4.010545002305873
hero-16m-14-7,hero-16m,2368,1840,553486.6913965817,4183204.1288398337,-0.6085005314141617,4.53318772576776,true,four-finite-non-nodata-pixelisarea-neighbours,true,true,land,-5.141688257181922
hero-16m-15-7,hero-16m,2384,1840,553502.7016876459,4183204.232893174,-0.5127288833609441,4.509452245716632,true,four-finite-non-nodata-pixelisarea-neighbours,true,true,land,-5.022181129077577
hero-16m-16-7,hero-16m,2400,1840,553518.7119788476,4183204.3369776597,-0.3683760248109593,2.779036346950959,true,four-finite-non-nodata-pixelisarea-neighbours,true,true,land,-3.1474123717619182
hero-16m-17-7,hero-16m,2416,1840,553534.7222701828,4183204.4410932898,-0.11129428290005308,-1.0700000524520874,true,four-finite-non-nodata-pixelisarea-neighbours,true,true,land,0.9587057695520343
hero-16m-18-7,hero-16m,2432,1840,553550.7325616536,4183204.5452400646,0,-1.0700000524520874,true,four-finite-non-nodata-pixelisarea-neighbours,true,true,land,1.0700000524520874
hero-16m-19-7,hero-16m,2448,1840,553566.7428532623,4183204.6494179843,0,-1.0700000524520874,true,four-finite-non-nodata-pixelisarea-neighbours,false,false,water-or-outside,1.0700000524520874
hero-16m-20-7,hero-16m,2464,1840,553582.7531450044,4183204.753627049,0,-1.0700000524520874,true,four-finite-non-nodata-pixelisarea-neighbours,false,false,water-or-outside,1.0700000524520874
hero-16m-21-7,hero-16m,2480,1840,553598.7634368823,4183204.857867258,0,-1.0700000524520874,true,four-finite-non-nodata-pixelisarea-neighbours,false,false,water-or-outside,1.0700000524520874
hero-16m-22-7,hero-16m,2496,1840,553614.7737288958,4183204.9621386128,0,-1.0700000524520874,true,four-finite-non-nodata-pixelisarea-neighbours,false,false,water-or-outside,1.0700000524520874
hero-16m-23-7,hero-16m,2512,1840,553630.7840210475,4183205.0664411117,0,-1.0700000524520874,true,four-finite-non-nodata-pixelisarea-neighbours,false,false,water-or-outside,1.0700000524520874
hero-16m-24-7,hero-16m,2528,1840,553646.7943133326,4183205.170774755,0,-1.0700000524520874,true,four-finite-non-nodata-pixelisarea-neighbours,false,false,water-or-outside,1.0700000524520874
hero-16m-0-8,hero-16m,2144,1856,553262.4434487179,4183218.7297346476,0,3.391557522203661,true,four-finite-non-nodata-pixelisarea-neighbours,true,true,land,-3.391557522203661
hero-16m-1-8,hero-16m,2160,1856,553278.4537066584,4183218.8333520964,0,3.3816026917831534,true,four-finite-non-nodata-pixelisarea-neighbours,true,true,land,-3.3816026917831534
hero-16m-2-8,hero-16m,2176,1856,553294.4639647361,4183218.93700069,0,3.4494196027867794,true,four-finite-non-nodata-pixelisarea-neighbours,true,true,land,-3.4494196027867794
hero-16m-3-8,hero-16m,2192,1856,553310.4742229466,4183219.0406804285,0,3.174822400994972,true,four-finite-non-nodata-pixelisarea-neighbours,true,true,land,-3.174822400994972
hero-16m-4-8,hero-16m,2208,1856,553326.4844812943,4183219.144391312,0,2.9029170850315853,true,four-finite-non-nodata-pixelisarea-neighbours,true,true,land,-2.9029170850315853
hero-16m-5-8,hero-16m,2224,1856,553342.4947397725,4183219.24813334,0,2.7487370296606026,true,four-finite-non-nodata-pixelisarea-neighbours,true,true,land,-2.7487370296606026
hero-16m-6-8,hero-16m,2240,1856,553358.5049983904,4183219.351906513,0,3.150101246545256,true,four-finite-non-nodata-pixelisarea-neighbours,true,true,land,-3.150101246545256
hero-16m-7-8,hero-16m,2256,1856,553374.5152571413,4183219.4557108306,0,3.513035746166845,true,four-finite-non-nodata-pixelisarea-neighbours,true,true,land,-3.513035746166845
hero-16m-8-8,hero-16m,2272,1856,553390.5255160274,4183219.559546293,0,3.635025696277467,true,four-finite-non-nodata-pixelisarea-neighbours,true,true,land,-3.635025696277467
hero-16m-9-8,hero-16m,2288,1856,553406.5357750508,4183219.6634129006,-0.1191965334905036,3.149666967784302,true,four-finite-non-nodata-pixelisarea-neighbours,true,true,land,-3.2688635012748053
hero-16m-10-8,hero-16m,2304,1856,553422.5460342073,4183219.767310653,-0.2512500442203644,3.143307696347923,true,four-finite-non-nodata-pixelisarea-neighbours,true,true,land,-3.3945577405682874
hero-16m-11-8,hero-16m,2320,1856,553438.5562934991,4183219.87123955,-0.3833035549502252,3.412926136231955,true,four-finite-non-nodata-pixelisarea-neighbours,true,true,land,-3.7962296911821802
hero-16m-12-8,hero-16m,2336,1856,553454.5665529285,4183219.975199592,-0.5634035662200688,3.3815261878951484,true,four-finite-non-nodata-pixelisarea-neighbours,true,true,land,-3.944929754115217
hero-16m-13-8,hero-16m,2352,1856,553470.5768124912,4183220.079190778,-0.6941861515164033,3.3630208273475795,true,four-finite-non-nodata-pixelisarea-neighbours,true,true,land,-4.057206978863983
hero-16m-14-8,hero-16m,2368,1856,553486.5870721892,4183220.18321311,-0.6228904364898612,3.440926939390593,true,four-finite-non-nodata-pixelisarea-neighbours,true,true,land,-4.063817375880454
hero-16m-15-8,hero-16m,2384,1856,553502.5973320226,4183220.2872665864,-0.5103440232523677,4.058878585656283,true,four-finite-non-nodata-pixelisarea-neighbours,false,false,water-or-outside,-4.5692226089086505
hero-16m-16-8,hero-16m,2400,1856,553518.6075919939,4183220.3913512076,-0.36334271413291974,4.419755109281218,true,four-finite-non-nodata-pixelisarea-neighbours,false,false,water-or-outside,-4.783097823414138
hero-16m-17-8,hero-16m,2416,1856,553534.6178520985,4183220.4954669736,-0.10977361199642123,-1.0700000524520874,true,four-finite-non-nodata-pixelisarea-neighbours,true,true,land,0.9602264404556662
hero-16m-18-8,hero-16m,2432,1856,553550.6281123386,4183220.5996138845,0,-1.0700000524520874,true,four-finite-non-nodata-pixelisarea-neighbours,false,false,water-or-outside,1.0700000524520874
hero-16m-19-8,hero-16m,2448,1856,553566.6383727167,4183220.70379194,0,-1.0700000524520874,true,four-finite-non-nodata-pixelisarea-neighbours,false,false,water-or-outside,1.0700000524520874
hero-16m-20-8,hero-16m,2464,1856,553582.6486332281,4183220.808001141,0,-1.0700000524520874,true,four-finite-non-nodata-pixelisarea-neighbours,false,false,water-or-outside,1.0700000524520874
hero-16m-21-8,hero-16m,2480,1856,553598.6588938754,4183220.9122414864,0,-1.0700000524520874,true,four-finite-non-nodata-pixelisarea-neighbours,false,false,water-or-outside,1.0700000524520874
hero-16m-22-8,hero-16m,2496,1856,553614.6691546583,4183221.016512977,0,-1.0700000524520874,true,four-finite-non-nodata-pixelisarea-neighbours,false,false,water-or-outside,1.0700000524520874
hero-16m-23-8,hero-16m,2512,1856,553630.6794155794,4183221.1208156114,0,-1.0700000524520874,true,four-finite-non-nodata-pixelisarea-neighbours,false,false,water-or-outside,1.0700000524520874
hero-16m-24-8,hero-16m,2528,1856,553646.689676634,4183221.225149392,0,-1.0700000524520874,true,four-finite-non-nodata-pixelisarea-neighbours,false,false,water-or-outside,1.0700000524520874
hero-16m-0-9,hero-16m,2144,1872,553262.3395612126,4183234.784106416,0,3.0870429025712163,true,four-finite-non-nodata-pixelisarea-neighbours,true,true,land,-3.0870429025712163
hero-16m-1-9,hero-16m,2160,1872,553278.3497879225,4183234.8877240005,0,3.0917348953510864,true,four-finite-non-nodata-pixelisarea-neighbours,true,true,land,-3.0917348953510864
hero-16m-2-9,hero-16m,2176,1872,553294.3600147695,4183234.9913727297,0,3.3234972523229214,true,four-finite-non-nodata-pixelisarea-neighbours,true,true,land,-3.3234972523229214
hero-16m-3-9,hero-16m,2192,1872,553310.3702417492,4183235.0950526036,0,3.449568039331805,true,four-finite-non-nodata-pixelisarea-neighbours,true,true,land,-3.449568039331805
hero-16m-4-9,hero-16m,2208,1872,553326.3804688663,4183235.1987636224,0,2.8064655732148367,true,four-finite-non-nodata-pixelisarea-neighbours,true,true,land,-2.8064655732148367
hero-16m-5-9,hero-16m,2224,1872,553342.3906961139,4183235.302505786,0,3.0927240866308243,true,four-finite-non-nodata-pixelisarea-neighbours,true,true,land,-3.0927240866308243
hero-16m-6-9,hero-16m,2240,1872,553358.4009235011,4183235.406279094,0,3.340462503780424,true,four-finite-non-nodata-pixelisarea-neighbours,true,true,land,-3.340462503780424
hero-16m-7-9,hero-16m,2256,1872,553374.4111510213,4183235.5100835473,0,3.4149542819772276,true,four-finite-non-nodata-pixelisarea-neighbours,true,true,land,-3.4149542819772276
hero-16m-8-9,hero-16m,2272,1872,553390.4213786765,4183235.613919146,0,3.1782794916980617,true,four-finite-non-nodata-pixelisarea-neighbours,true,true,land,-3.1782794916980617
hero-16m-9-9,hero-16m,2288,1872,553406.4316064694,4183235.717785889,-0.1564817061667074,3.0856591995848373,true,four-finite-non-nodata-pixelisarea-neighbours,true,true,land,-3.2421409057515445
hero-16m-10-9,hero-16m,2304,1872,553422.4418343953,4183235.821683777,-0.32984210566153427,3.225153809256935,true,four-finite-non-nodata-pixelisarea-neighbours,true,true,land,-3.5549959149184693
hero-16m-11-9,hero-16m,2320,1872,553438.4520624564,4183235.9256128096,-0.5032025051563612,3.425609219587579,true,four-finite-non-nodata-pixelisarea-neighbours,true,true,land,-3.92881172474394
hero-16m-12-9,hero-16m,2336,1872,553454.4622906551,4183236.029572987,-0.6919444371755219,3.404523758549855,true,four-finite-non-nodata-pixelisarea-neighbours,true,true,land,-4.096468195725377
hero-16m-13-9,hero-16m,2352,1872,553470.472518987,4183236.1335643097,-0.8033241798660717,3.4531457744438976,true,four-finite-non-nodata-pixelisarea-neighbours,true,true,land,-4.256469954309969
hero-16m-14-9,hero-16m,2368,1872,553486.4827474543,4183236.237586777,-0.6494146873095976,3.500567754659788,true,four-finite-non-nodata-pixelisarea-neighbours,true,true,land,-4.149982441969386
hero-16m-15-9,hero-16m,2384,1872,553502.4929760571,4183236.3416403895,-0.48229925989726985,3.3803708022779557,true,four-finite-non-nodata-pixelisarea-neighbours,true,true,land,-3.8626700621752255
hero-16m-16-9,hero-16m,2400,1872,553518.5032047976,4183236.445725146,-0.3041534952975343,-1.0700000524520874,true,four-finite-non-nodata-pixelisarea-neighbours,false,false,water-or-outside,0.7658465571545531
hero-16m-17-9,hero-16m,2416,1872,553534.5134336714,4183236.549841048,-0.09189128192600196,-1.0700000524520874,true,four-finite-non-nodata-pixelisarea-neighbours,false,false,water-or-outside,0.9781087705260855
hero-16m-18-9,hero-16m,2432,1872,553550.523662681,4183236.6539880955,0,-1.0700000524520874,true,four-finite-non-nodata-pixelisarea-neighbours,false,false,water-or-outside,1.0700000524520874
hero-16m-19-9,hero-16m,2448,1872,553566.5338918283,4183236.7581662866,0,-1.0700000524520874,true,four-finite-non-nodata-pixelisarea-neighbours,false,false,water-or-outside,1.0700000524520874
hero-16m-20-9,hero-16m,2464,1872,553582.5441211091,4183236.8623756235,0,-1.0700000524520874,true,four-finite-non-nodata-pixelisarea-neighbours,false,false,water-or-outside,1.0700000524520874
hero-16m-21-9,hero-16m,2480,1872,553598.5543505255,4183236.9666161053,0,-1.0700000524520874,true,four-finite-non-nodata-pixelisarea-neighbours,false,false,water-or-outside,1.0700000524520874
hero-16m-22-9,hero-16m,2496,1872,553614.5645800778,4183237.0708877314,0,-1.0700000524520874,true,four-finite-non-nodata-pixelisarea-neighbours,false,false,water-or-outside,1.0700000524520874
hero-16m-23-9,hero-16m,2512,1872,553630.574809768,4183237.1751905032,0,-1.0700000524520874,true,four-finite-non-nodata-pixelisarea-neighbours,false,false,water-or-outside,1.0700000524520874
hero-16m-24-9,hero-16m,2528,1872,553646.5850395919,4183237.2795244195,0,-1.0700000524520874,true,four-finite-non-nodata-pixelisarea-neighbours,false,false,water-or-outside,1.0700000524520874
hero-16m-0-10,hero-16m,2144,1888,553262.2356733665,4183250.838478577,0,2.9587187897660594,true,four-finite-non-nodata-pixelisarea-neighbours,true,true,land,-2.9587187897660594
hero-16m-1-10,hero-16m,2160,1888,553278.2458688456,4183250.9420962967,0,3.9306591267647155,true,four-finite-non-nodata-pixelisarea-neighbours,true,true,land,-3.9306591267647155
hero-16m-2-10,hero-16m,2176,1888,553294.2560644619,4183251.045745161,0,3.8825251996335437,true,four-finite-non-nodata-pixelisarea-neighbours,true,true,land,-3.8825251996335437
hero-16m-3-10,hero-16m,2192,1888,553310.2662602109,4183251.1494251704,0,2.7093353181166098,true,four-finite-non-nodata-pixelisarea-neighbours,true,true,land,-2.7093353181166098
hero-16m-4-10,hero-16m,2208,1888,553326.2764560971,4183251.253136324,0,3.119880541718385,true,four-finite-non-nodata-pixelisarea-neighbours,true,true,land,-3.119880541718385
hero-16m-5-10,hero-16m,2224,1888,553342.286652114,4183251.3568786234,-0.0003166676488969901,3.2686327340446613,true,four-finite-non-nodata-pixelisarea-neighbours,true,true,land,-3.268949401693558
hero-16m-6-10,hero-16m,2240,1888,553358.2968482703,4183251.4606520673,-0.022172649475510373,3.372964060039937,true,four-finite-non-nodata-pixelisarea-neighbours,true,true,land,-3.3951367095154477
hero-16m-7-10,hero-16m,2256,1888,553374.3070445597,4183251.564456656,-0.04402863130212569,3.165077738065359,true,four-finite-non-nodata-pixelisarea-neighbours,true,true,land,-3.209106369367485
hero-16m-8-10,hero-16m,2272,1888,553390.3172409843,4183251.6682923897,-0.06588461312873908,2.9403449541710005,true,four-finite-non-nodata-pixelisarea-neighbours,true,true,land,-3.0062295672997394
hero-16m-9-10,hero-16m,2288,1888,553406.3274375463,4183251.7721592686,-0.2617794313148413,3.203386222901226,true,four-finite-non-nodata-pixelisarea-neighbours,true,true,land,-3.4651656542160674
hero-16m-10-10,hero-16m,2304,1888,553422.3376342413,4183251.876057292,-0.461291223426493,3.3740049403152645,true,four-finite-non-nodata-pixelisarea-neighbours,true,true,land,-3.8352961637417575
hero-16m-11-10,hero-16m,2320,1888,553438.3478310717,4183251.9799864604,-0.6322465480330592,3.484702890880115,true,four-finite-non-nodata-pixelisarea-neighbours,true,true,land,-4.116949438913174
hero-16m-12-10,hero-16m,2336,1888,553454.3580280396,4183252.083946774,-0.7859184371483066,3.469086475467226,true,four-finite-non-nodata-pixelisarea-neighbours,true,true,land,-4.255004912615533
hero-16m-13-10,hero-16m,2352,1888,553470.3682251407,4183252.187938232,-0.8495827968257929,3.441462544152442,true,four-finite-non-nodata-pixelisarea-neighbours,true,true,land,-4.2910453409782345
hero-16m-14-10,hero-16m,2368,1888,553486.3784223772,4183252.2919608355,-0.6349155085659999,3.4305290285567844,true,four-finite-non-nodata-pixelisarea-neighbours,true,true,land,-4.065444537122785
hero-16m-15-10,hero-16m,2384,1888,553502.3886197491,4183252.3960145838,-0.4350870488054511,3.4827303369991713,true,four-finite-non-nodata-pixelisarea-neighbours,true,true,land,-3.9178173858046224
hero-16m-16-10,hero-16m,2400,1888,553518.3988172589,4183252.500099477,-0.24496427646214897,3.3419703885460685,true,four-finite-non-nodata-pixelisarea-neighbours,true,true,land,-3.5869346650082177
hero-16m-17-10,hero-16m,2416,1888,553534.409014902,4183252.604215515,-0.07400895185558269,-1.0700000524520874,true,four-finite-non-nodata-pixelisarea-neighbours,false,false,water-or-outside,0.9959911005965048
hero-16m-18-10,hero-16m,2432,1888,553550.4192126805,4183252.708362697,0,-1.0700000524520874,true,four-finite-non-nodata-pixelisarea-neighbours,false,false,water-or-outside,1.0700000524520874
hero-16m-19-10,hero-16m,2448,1888,553566.4294105971,4183252.812541025,0,-1.0700000524520874,true,four-finite-non-nodata-pixelisarea-neighbours,false,false,water-or-outside,1.0700000524520874
hero-16m-20-10,hero-16m,2464,1888,553582.439608647,4183252.916750498,0,-1.0700000524520874,true,four-finite-non-nodata-pixelisarea-neighbours,false,false,water-or-outside,1.0700000524520874
hero-16m-21-10,hero-16m,2480,1888,553598.4498068327,4183253.020991116,0,-1.0700000524520874,true,four-finite-non-nodata-pixelisarea-neighbours,false,false,water-or-outside,1.0700000524520874
hero-16m-22-10,hero-16m,2496,1888,553614.4600051541,4183253.1252628784,0,-1.0700000524520874,true,four-finite-non-nodata-pixelisarea-neighbours,false,false,water-or-outside,1.0700000524520874
hero-16m-23-10,hero-16m,2512,1888,553630.4702036136,4183253.2295657857,0,-1.0700000524520874,true,four-finite-non-nodata-pixelisarea-neighbours,false,false,water-or-outside,1.0700000524520874
hero-16m-24-10,hero-16m,2528,1888,553646.4804022067,4183253.3338998384,0,-1.0700000524520874,true,four-finite-non-nodata-pixelisarea-neighbours,false,false,water-or-outside,1.0700000524520874
hero-16m-0-11,hero-16m,2144,1904,553262.1317851796,4183266.8928511273,0,2.9429682805261956,true,four-finite-non-nodata-pixelisarea-neighbours,true,true,land,-2.9429682805261956
hero-16m-1-11,hero-16m,2160,1904,553278.1419494278,4183266.996468982,0,4.27488460559278,true,four-finite-non-nodata-pixelisarea-neighbours,true,true,land,-4.27488460559278
hero-16m-2-11,hero-16m,2176,1904,553294.1521138132,4183267.100117982,0,2.7989245270549628,true,four-finite-non-nodata-pixelisarea-neighbours,true,true,land,-2.7989245270549628
hero-16m-3-11,hero-16m,2192,1904,553310.1622783314,4183267.203798127,0,2.8374718149726554,true,four-finite-non-nodata-pixelisarea-neighbours,true,true,land,-2.8374718149726554
hero-16m-4-11,hero-16m,2208,1904,553326.1724429866,4183267.3075094162,0,3.320562884854309,true,four-finite-non-nodata-pixelisarea-neighbours,true,true,land,-3.320562884854309
hero-16m-5-11,hero-16m,2224,1904,553342.1826077726,4183267.4112518504,-0.0009151562206857675,3.3874078611907956,true,four-finite-non-nodata-pixelisarea-neighbours,true,true,land,-3.3883230174114813
hero-16m-6-11,hero-16m,2240,1904,553358.1927726982,4183267.51502543,-0.06407802681226527,3.246167800810903,true,four-finite-non-nodata-pixelisarea-neighbours,true,true,land,-3.3102458276231683
hero-16m-7-11,hero-16m,2256,1904,553374.2029377567,4183267.618830154,-0.12724089740385036,2.82104343531904,true,four-finite-non-nodata-pixelisarea-neighbours,true,true,land,-2.9482843327228903
hero-16m-8-11,hero-16m,2272,1904,553390.2131029504,4183267.7226660238,-0.19040376799542988,3.0672099690959014,true,four-finite-non-nodata-pixelisarea-neighbours,true,true,land,-3.257613737091331
hero-16m-9-11,hero-16m,2288,1904,553406.2232682814,4183267.8265330377,-0.4276054749464982,3.329589854586075,true,four-finite-non-nodata-pixelisarea-neighbours,true,true,land,-3.7571953295325735
hero-16m-10-11,hero-16m,2304,1904,553422.2334337456,4183267.9304311974,-0.6397809038962293,3.422803169676089,true,four-finite-non-nodata-pixelisarea-neighbours,true,true,land,-4.062584073572318
hero-16m-11-11,hero-16m,2320,1904,553438.243599345,4183268.034360501,-0.7694293397378296,3.440076829154261,true,four-finite-non-nodata-pixelisarea-neighbours,true,true,land,-4.209506168892091
hero-16m-12-11,hero-16m,2336,1904,553454.253765082,4183268.1383209503,-0.8491293720724542,3.4694989984640054,true,four-finite-non-nodata-pixelisarea-neighbours,true,true,land,-4.31862837053646
hero-16m-13-11,hero-16m,2352,1904,553470.2639309522,4183268.242312544,-0.8398813755229007,3.4341908194102677,true,four-finite-non-nodata-pixelisarea-neighbours,true,true,land,-4.274072194933169
hero-16m-14-11,hero-16m,2368,1904,553486.2740969578,4183268.3463352835,-0.5839071984981415,3.43667851121411,true,four-finite-non-nodata-pixelisarea-neighbours,true,true,land,-4.020585709712251
hero-16m-15-11,hero-16m,2384,1904,553502.2842630988,4183268.4503891673,-0.3708166133277246,3.445382201369488,true,four-finite-non-nodata-pixelisarea-neighbours,true,true,land,-3.816198814697213
hero-16m-16-11,hero-16m,2400,1904,553518.2944293777,4183268.5544741964,-0.1857750576267636,3.4824646362813203,true,four-finite-non-nodata-pixelisarea-neighbours,true,true,land,-3.6682396939080837
hero-16m-17-11,hero-16m,2416,1904,553534.3045957899,4183268.65859037,-0.05612662178516342,3.351742293814107,true,four-finite-non-nodata-pixelisarea-neighbours,true,true,land,-3.4078689155992703
hero-16m-18-11,hero-16m,2432,1904,553550.3147623376,4183268.762737689,0,-1.0700000524520874,true,four-finite-non-nodata-pixelisarea-neighbours,false,false,water-or-outside,1.0700000524520874
hero-16m-19-11,hero-16m,2448,1904,553566.3249290232,4183268.8669161526,0,-1.0700000524520874,true,four-finite-non-nodata-pixelisarea-neighbours,false,false,water-or-outside,1.0700000524520874
hero-16m-20-11,hero-16m,2464,1904,553582.3350958421,4183268.9711257615,0,-1.0700000524520874,true,four-finite-non-nodata-pixelisarea-neighbours,false,false,water-or-outside,1.0700000524520874
hero-16m-21-11,hero-16m,2480,1904,553598.3452627969,4183269.0753665157,0,-1.0700000524520874,true,four-finite-non-nodata-pixelisarea-neighbours,false,false,water-or-outside,1.0700000524520874
hero-16m-22-11,hero-16m,2496,1904,553614.3554298874,4183269.179638414,0,-1.0700000524520874,true,four-finite-non-nodata-pixelisarea-neighbours,false,false,water-or-outside,1.0700000524520874
hero-16m-23-11,hero-16m,2512,1904,553630.365597116,4183269.283941458,0,-1.0700000524520874,true,four-finite-non-nodata-pixelisarea-neighbours,false,false,water-or-outside,1.0700000524520874
hero-16m-24-11,hero-16m,2528,1904,553646.375764478,4183269.388275647,0,-1.0700000524520874,true,four-finite-non-nodata-pixelisarea-neighbours,false,false,water-or-outside,1.0700000524520874
hero-16m-0-12,hero-16m,2144,1920,553262.0278966518,4183282.9472240703,0.025545473139244153,3.0574485840160603,true,four-finite-non-nodata-pixelisarea-neighbours,true,true,land,-3.0319031108768164
hero-16m-1-12,hero-16m,2160,1920,553278.0380296691,4183283.0508420602,0,3.6349978262012783,true,four-finite-non-nodata-pixelisarea-neighbours,true,true,land,-3.6349978262012783
hero-16m-2-12,hero-16m,2176,1920,553294.0481628234,4183283.1544911955,0,2.55274402942531,true,four-finite-non-nodata-pixelisarea-neighbours,true,true,land,-2.55274402942531
hero-16m-3-12,hero-16m,2192,1920,553310.0582961106,4183283.258171475,0,3.076818769541745,true,four-finite-non-nodata-pixelisarea-neighbours,true,true,land,-3.076818769541745
hero-16m-4-12,hero-16m,2208,1920,553326.068429535,4183283.3618829004,0,3.332998295736048,true,four-finite-non-nodata-pixelisarea-neighbours,true,true,land,-3.332998295736048
hero-16m-5-12,hero-16m,2224,1920,553342.07856309,4183283.46562547,-0.0009312035422510689,3.3232564320443085,true,four-finite-non-nodata-pixelisarea-neighbours,true,true,land,-3.3241876355865596
hero-16m-6-12,hero-16m,2240,1920,553358.0886967846,4183283.569399185,-0.06520163901997762,2.845961463484405,true,four-finite-non-nodata-pixelisarea-neighbours,true,true,land,-2.9111631025043825
hero-16m-7-12,hero-16m,2256,1920,553374.098830612,4183283.673204045,-0.1479060163141585,2.9497205343217017,true,four-finite-non-nodata-pixelisarea-neighbours,true,true,land,-3.09762655063586
hero-16m-8-12,hero-16m,2272,1920,553390.1089645748,4183283.77704005,-0.2523757756707078,3.1943777852206487,true,four-finite-non-nodata-pixelisarea-neighbours,true,true,land,-3.4467535608913566
hero-16m-9-12,hero-16m,2288,1920,553406.1190986749,4183283.8809072,-0.45831348662140536,3.3884737066626096,true,four-finite-non-nodata-pixelisarea-neighbours,true,true,land,-3.846787193284015
hero-16m-10-12,hero-16m,2304,1920,553422.1292329079,4183283.984805495,-0.6166915237216407,3.4352759782988675,true,four-finite-non-nodata-pixelisarea-neighbours,true,true,land,-4.051967502020508
hero-16m-11-12,hero-16m,2320,1920,553438.1393672763,4183284.0887349346,-0.6648337469194484,3.5452039080189643,true,four-finite-non-nodata-pixelisarea-neighbours,true,true,land,-4.210037654938413
hero-16m-12-12,hero-16m,2336,1920,553454.1495017824,4183284.1926955194,-0.6939408378672063,3.392208362375163,true,four-finite-non-nodata-pixelisarea-neighbours,true,true,land,-4.086149200242369
hero-16m-13-12,hero-16m,2352,1920,553470.1596364216,4183284.296687249,-0.6614211052931223,3.433791384412277,true,four-finite-non-nodata-pixelisarea-neighbours,true,true,land,-4.095212489705399
hero-16m-14-12,hero-16m,2368,1920,553486.1697711962,4183284.400710124,-0.44453868726103873,3.4004874533995046,true,four-finite-non-nodata-pixelisarea-neighbours,true,true,land,-3.8450261406605435
hero-16m-15-12,hero-16m,2384,1920,553502.1799061062,4183284.504764144,-0.27129182754848324,3.423063138659503,true,four-finite-non-nodata-pixelisarea-neighbours,true,true,land,-3.694354966207986
hero-16m-16-12,hero-16m,2400,1920,553518.190041154,4183284.608849309,-0.12658583879137297,3.432337084432725,true,four-finite-non-nodata-pixelisarea-neighbours,true,true,land,-3.558922923224098
hero-16m-17-12,hero-16m,2416,1920,553534.2001763352,4183284.712965619,-0.03824429171474257,3.389059596302495,true,four-finite-non-nodata-pixelisarea-neighbours,true,true,land,-3.4273038880172377
hero-16m-18-12,hero-16m,2432,1920,553550.2103116518,4183284.8171130735,0,3.339177905966387,true,four-finite-non-nodata-pixelisarea-neighbours,true,true,land,-3.339177905966387
hero-16m-19-12,hero-16m,2448,1920,553566.2204471064,4183284.921291673,0,-1.0700000524520874,true,four-finite-non-nodata-pixelisarea-neighbours,false,false,water-or-outside,1.0700000524520874
hero-16m-20-12,hero-16m,2464,1920,553582.2305826944,4183285.025501418,0,-1.0700000524520874,true,four-finite-non-nodata-pixelisarea-neighbours,false,false,water-or-outside,1.0700000524520874
hero-16m-21-12,hero-16m,2480,1920,553598.2407184182,4183285.129742308,0,-1.0700000524520874,true,four-finite-non-nodata-pixelisarea-neighbours,false,false,water-or-outside,1.0700000524520874
hero-16m-22-12,hero-16m,2496,1920,553614.2508542775,4183285.234014343,0,-1.0700000524520874,true,four-finite-non-nodata-pixelisarea-neighbours,false,false,water-or-outside,1.0700000524520874
hero-16m-23-12,hero-16m,2512,1920,553630.2609902751,4183285.3383175232,0,-1.0700000524520874,true,four-finite-non-nodata-pixelisarea-neighbours,false,false,water-or-outside,1.0700000524520874
hero-16m-24-12,hero-16m,2528,1920,553646.2711264062,4183285.442651848,0,-1.0700000524520874,true,four-finite-non-nodata-pixelisarea-neighbours,false,false,water-or-outside,1.0700000524520874
hero-16m-0-13,hero-16m,2144,1936,553261.9240077832,4183299.0015974026,0.040841947692774744,3.4119147049676632,true,four-finite-non-nodata-pixelisarea-neighbours,true,true,land,-3.3710727572748884
hero-16m-1-13,hero-16m,2160,1936,553277.9341095694,4183299.105215528,0,2.7628402076876517,true,four-finite-non-nodata-pixelisarea-neighbours,true,true,land,-2.7628402076876517
hero-16m-2-13,hero-16m,2176,1936,553293.9442114927,4183299.2088647983,0,2.7769362964174147,true,four-finite-non-nodata-pixelisarea-neighbours,true,true,land,-2.7769362964174147
hero-16m-3-13,hero-16m,2192,1936,553309.9543135487,4183299.312545214,0,3.240308196358703,true,four-finite-non-nodata-pixelisarea-neighbours,true,true,land,-3.240308196358703
hero-16m-4-13,hero-16m,2208,1936,553325.9644157421,4183299.4162567747,-0.0196630635656987,3.282643831476311,true,four-finite-non-nodata-pixelisarea-neighbours,true,true,land,-3.30230689504201
hero-16m-5-13,hero-16m,2224,1936,553341.974518066,4183299.51999948,-0.054816095160313105,2.9017024226535675,true,four-finite-non-nodata-pixelisarea-neighbours,true,true,land,-2.9565185178138806
hero-16m-6-13,hero-16m,2240,1936,553357.9846205295,4183299.6237733304,-0.13632230780410196,2.8554760412617313,true,four-finite-non-nodata-pixelisarea-neighbours,true,true,land,-2.9917983490658333
hero-16m-7-13,hero-16m,2256,1936,553373.9947231258,4183299.7275783257,-0.23149319906013396,3.164535850599316,true,four-finite-non-nodata-pixelisarea-neighbours,true,true,land,-3.3960290496594503
hero-16m-8-13,hero-16m,2272,1936,553390.0048258575,4183299.831414466,-0.3427982928495248,3.3928235648229546,true,four-finite-non-nodata-pixelisarea-neighbours,true,true,land,-3.7356218576724793
hero-16m-9-13,hero-16m,2288,1936,553406.0149287265,4183299.9352817517,-0.48100099288065634,3.4515609988691107,true,four-finite-non-nodata-pixelisarea-neighbours,true,true,land,-3.932561991749767
hero-16m-10-13,hero-16m,2304,1936,553422.0250317284,4183300.039180182,-0.5672065532282266,3.4069102535272924,true,four-finite-non-nodata-pixelisarea-neighbours,true,true,land,-3.974116806755519
hero-16m-11-13,hero-16m,2320,1936,553438.0351348658,4183300.1431097575,-0.5499707760621643,3.4682483217381557,true,four-finite-non-nodata-pixelisarea-neighbours,true,true,land,-4.01821909780032
hero-16m-12-13,hero-16m,2336,1936,553454.0452381407,4183300.2470704783,-0.5327349988961005,3.4188291319938013,true,four-finite-non-nodata-pixelisarea-neighbours,true,true,land,-3.951564130889902
hero-16m-13-13,hero-16m,2352,1936,553470.0553415488,4183300.351062344,-0.4783112201628349,3.409323687988435,true,four-finite-non-nodata-pixelisarea-neighbours,true,true,land,-3.88763490815127
hero-16m-14-13,hero-16m,2368,1936,553486.0654450923,4183300.4550853544,-0.3027356908957175,3.4656704173075443,true,four-finite-non-nodata-pixelisarea-neighbours,true,true,land,-3.768406108203262
hero-16m-15-13,hero-16m,2384,1936,553502.0755487712,4183300.55913951,-0.17079571994812806,3.4429711460408017,true,four-finite-non-nodata-pixelisarea-neighbours,true,true,land,-3.61376686598893
hero-16m-16-13,hero-16m,2400,1936,553518.0856525879,4183300.663224811,-0.06739661995598759,3.509316875971373,true,four-finite-non-nodata-pixelisarea-neighbours,true,true,land,-3.5767134959273603
hero-16m-17-13,hero-16m,2416,1936,553534.0957565379,4183300.767341257,-0.020361961644323308,3.4818705213531516,true,four-finite-non-nodata-pixelisarea-neighbours,true,true,land,-3.5022324829974747
hero-16m-18-13,hero-16m,2432,1936,553550.1058606234,4183300.871488848,0,3.494889761534111,true,four-finite-non-nodata-pixelisarea-neighbours,true,true,land,-3.494889761534111
hero-16m-19-13,hero-16m,2448,1936,553566.1159648469,4183300.9756675833,0,3.3417300233883327,true,four-finite-non-nodata-pixelisarea-neighbours,true,true,land,-3.3417300233883327
hero-16m-20-13,hero-16m,2464,1936,553582.1260692037,4183301.0798774646,0,-1.0700000524520874,true,four-finite-non-nodata-pixelisarea-neighbours,false,false,water-or-outside,1.0700000524520874
hero-16m-21-13,hero-16m,2480,1936,553598.1361736964,4183301.18411849,0,-1.0700000524520874,true,four-finite-non-nodata-pixelisarea-neighbours,false,false,water-or-outside,1.0700000524520874
hero-16m-22-13,hero-16m,2496,1936,553614.1462783247,4183301.288390661,0,-1.0700000524520874,true,four-finite-non-nodata-pixelisarea-neighbours,false,false,water-or-outside,1.0700000524520874
hero-16m-23-13,hero-16m,2512,1936,553630.156383091,4183301.392693978,0,-1.0700000524520874,true,four-finite-non-nodata-pixelisarea-neighbours,false,false,water-or-outside,1.0700000524520874
hero-16m-24-13,hero-16m,2528,1936,553646.1664879909,4183301.4970284384,0,-1.0700000524520874,true,four-finite-non-nodata-pixelisarea-neighbours,false,false,water-or-outside,1.0700000524520874
hero-16m-0-14,hero-16m,2144,1952,553261.8201185737,4183315.055971127,0.040841947692774744,3.8164856761692834,true,four-finite-non-nodata-pixelisarea-neighbours,true,true,land,-3.7756437284765085
hero-16m-1-14,hero-16m,2160,1952,553277.8301891288,4183315.1595893875,0,2.6154169117813746,true,four-finite-non-nodata-pixelisarea-neighbours,true,true,land,-2.6154169117813746
hero-16m-2-14,hero-16m,2176,1952,553293.8402598209,4183315.2632387937,0,3.148181865955393,true,four-finite-non-nodata-pixelisarea-neighbours,true,true,land,-3.148181865955393
hero-16m-3-14,hero-16m,2192,1952,553309.8503306458,4183315.3669193443,0,3.341751055835281,true,four-finite-non-nodata-pixelisarea-neighbours,true,true,land,-3.341751055835281
hero-16m-4-14,hero-16m,2208,1952,553325.8604016079,4183315.47063104,-0.06678713413479713,3.126995304503268,true,four-finite-non-nodata-pixelisarea-neighbours,true,true,land,-3.193782438638065
hero-16m-5-14,hero-16m,2224,1952,553341.8704727007,4183315.5743738813,-0.183955454687555,2.8009067928714657,true,four-finite-non-nodata-pixelisarea-neighbours,true,true,land,-2.9848622475590205
hero-16m-6-14,hero-16m,2240,1952,553357.8805439329,4183315.678147867,-0.30676855609630993,3.167944413944432,true,four-finite-non-nodata-pixelisarea-neighbours,true,true,land,-3.4747129700407418
hero-16m-7-14,hero-16m,2256,1952,553373.8906152982,4183315.7819529977,-0.40536267486931554,3.3929663003316555,true,four-finite-non-nodata-pixelisarea-neighbours,true,true,land,-3.7983289752009712
hero-16m-8-14,hero-16m,2272,1952,553389.9006867985,4183315.885789274,-0.4753608798937402,3.523431230383494,true,four-finite-non-nodata-pixelisarea-neighbours,true,true,land,-3.9987921102772344
hero-16m-9-14,hero-16m,2288,1952,553405.9107584363,4183315.989656695,-0.49768634580749804,3.4813672896844645,true,four-finite-non-nodata-pixelisarea-neighbours,true,true,land,-3.9790536354919626
hero-16m-10-14,hero-16m,2304,1952,553421.9208302072,4183316.0935552614,-0.4886144917870567,3.439325769864184,true,four-finite-non-nodata-pixelisarea-neighbours,true,true,land,-3.9279402616512407
hero-16m-11-14,hero-16m,2320,1952,553437.9309021132,4183316.1974849724,-0.4300718258560283,-1.0627104981300108,true,four-finite-non-nodata-pixelisarea-neighbours,false,false,water-or-outside,0.6326386722739825
hero-16m-12-14,hero-16m,2336,1952,553453.940974157,4183316.3014458288,-0.3715291599249947,-0.3543297915772463,true,four-finite-non-nodata-pixelisarea-neighbours,false,false,water-or-outside,-0.01719936834774838
hero-16m-13-14,hero-16m,2352,1952,553469.9510463339,4183316.4054378304,-0.2952013350325474,3.4584941046686666,true,four-finite-non-nodata-pixelisarea-neighbours,true,true,land,-3.753695439701214
hero-16m-14-14,hero-16m,2368,1952,553485.9611186461,4183316.509460977,-0.16093269453039621,3.451983851776534,true,four-finite-non-nodata-pixelisarea-neighbours,true,true,land,-3.61291654630693
hero-16m-15-14,hero-16m,2384,1952,553501.9711910938,4183316.613515268,-0.0702996123477729,3.406062787963885,true,four-finite-non-nodata-pixelisarea-neighbours,true,true,land,-3.476362400311658
hero-16m-16-14,hero-16m,2400,1952,553517.9812636793,4183316.7176007046,-0.008207401120602191,3.412168864221857,true,four-finite-non-nodata-pixelisarea-neighbours,true,true,land,-3.420376265342459
hero-16m-17-14,hero-16m,2416,1952,553533.9913363981,4183316.8217172865,-0.0024796315739040405,3.8038893010427888,true,four-finite-non-nodata-pixelisarea-neighbours,true,true,land,-3.8063689326166927
hero-16m-18-14,hero-16m,2432,1952,553550.0014092524,4183316.925865013,0,3.438391873341022,true,four-finite-non-nodata-pixelisarea-neighbours,true,true,land,-3.438391873341022
hero-16m-19-14,hero-16m,2448,1952,553566.0114822446,4183317.030043885,0,3.4534168642876786,true,four-finite-non-nodata-pixelisarea-neighbours,true,true,land,-3.4534168642876786
hero-16m-20-14,hero-16m,2464,1952,553582.0215553702,4183317.1342539024,0,3.3257297518463345,true,four-finite-non-nodata-pixelisarea-neighbours,true,true,land,-3.3257297518463345
hero-16m-21-14,hero-16m,2480,1952,553598.0316286315,4183317.238495064,0,-1.0700000524520874,true,four-finite-non-nodata-pixelisarea-neighbours,false,false,water-or-outside,1.0700000524520874
hero-16m-22-14,hero-16m,2496,1952,553614.0417020287,4183317.3427673713,0,-1.0700000524520874,true,four-finite-non-nodata-pixelisarea-neighbours,false,false,water-or-outside,1.0700000524520874
hero-16m-23-14,hero-16m,2512,1952,553630.0517755637,4183317.447070824,0,-1.0700000524520874,true,four-finite-non-nodata-pixelisarea-neighbours,false,false,water-or-outside,1.0700000524520874
hero-16m-24-14,hero-16m,2528,1952,553646.0618492324,4183317.551405421,0,-1.0700000524520874,true,four-finite-non-nodata-pixelisarea-neighbours,false,false,water-or-outside,1.0700000524520874
hero-16m-0-15,hero-16m,2144,1968,553261.7162290235,4183331.1103452416,0.040841947692774744,3.138589569018143,true,four-finite-non-nodata-pixelisarea-neighbours,true,true,land,-3.097747621325368
hero-16m-1-15,hero-16m,2160,1968,553277.7262683472,4183331.2139636376,-0.024274383881823205,2.926231211849532,true,four-finite-non-nodata-pixelisarea-neighbours,true,true,land,-2.9505055957313555
hero-16m-2-15,hero-16m,2176,1968,553293.7363078081,4183331.3176131784,-0.05985350310009118,3.3449143333727225,true,four-finite-non-nodata-pixelisarea-neighbours,true,true,land,-3.404767836472814
hero-16m-3-15,hero-16m,2192,1968,553309.7463474018,4183331.4212938645,-0.09543262231836229,3.2178192001476624,true,four-finite-non-nodata-pixelisarea-neighbours,true,true,land,-3.313251822466025
hero-16m-4-15,hero-16m,2208,1968,553325.7563871326,4183331.525005696,-0.18403844337825603,2.9169549711834555,true,four-finite-non-nodata-pixelisarea-neighbours,true,true,land,-3.1009934145617115
hero-16m-5-15,hero-16m,2224,1968,553341.766426994,4183331.628748672,-0.31206381445262144,3.1375937370292117,true,four-finite-non-nodata-pixelisarea-neighbours,true,true,land,-3.4496575514818333
hero-16m-6-15,hero-16m,2240,1968,553357.776466995,4183331.732522793,-0.40502556618980656,3.3946575370237193,true,four-finite-non-nodata-pixelisarea-neighbours,true,true,land,-3.7996831032135256
hero-16m-7-15,hero-16m,2256,1968,553373.7865071289,4183331.83632806,-0.4521999587362667,3.424008723646327,true,four-finite-non-nodata-pixelisarea-neighbours,true,true,land,-3.8762086823825936
hero-16m-8-15,hero-16m,2272,1968,553389.796547398,4183331.9401644715,-0.4453121557774574,3.4196373604810195,true,four-finite-non-nodata-pixelisarea-neighbours,true,true,land,-3.864949516258477
hero-16m-9-15,hero-16m,2288,1968,553405.8065878045,4183332.0440320284,-0.38041140736548507,3.40072149613263,true,four-finite-non-nodata-pixelisarea-neighbours,true,true,land,-3.781132903498115
hero-16m-10-15,hero-16m,2304,1968,553421.816628344,4183332.14793073,-0.2993055230966798,3.368294195490841,true,four-finite-non-nodata-pixelisarea-neighbours,true,true,land,-3.6675997185875207
hero-16m-11-15,hero-16m,2320,1968,553437.8266690188,4183332.251860577,-0.19945596840068527,-1.0700000524520874,true,four-finite-non-nodata-pixelisarea-neighbours,false,false,water-or-outside,0.8705440840514022
hero-16m-12-15,hero-16m,2336,1968,553453.8367098311,4183332.3558215695,-0.1558774535257935,-1.0700000524520874,true,four-finite-non-nodata-pixelisarea-neighbours,false,false,water-or-outside,0.9141225989262939
hero-16m-13-15,hero-16m,2352,1968,553469.8467507767,4183332.459813706,-0.12044763540648032,-1.0603555460330671,true,four-finite-non-nodata-pixelisarea-neighbours,false,false,water-or-outside,0.9399079106265869
hero-16m-14-15,hero-16m,2368,1968,553485.8567918576,4183332.5638369885,-0.06306500288756316,3.2738070663067944,true,four-finite-non-nodata-pixelisarea-neighbours,false,false,water-or-outside,-3.3368720691943574
hero-16m-15-15,hero-16m,2384,1968,553501.866833074,4183332.667891416,-0.02516195837202125,3.437052469387617,true,four-finite-non-nodata-pixelisarea-neighbours,true,true,land,-3.4622144277596383
hero-16m-16-15,hero-16m,2400,1968,553517.8768744282,4183332.7719769888,0,3.4270049274127974,true,four-finite-non-nodata-pixelisarea-neighbours,true,true,land,-3.4270049274127974
hero-16m-17-15,hero-16m,2416,1968,553533.8869159156,4183332.876093706,0,3.3116319708879605,true,four-finite-non-nodata-pixelisarea-neighbours,true,true,land,-3.3116319708879605
hero-16m-18-15,hero-16m,2432,1968,553549.8969575387,4183332.9802415688,0,3.3843885683470774,true,four-finite-non-nodata-pixelisarea-neighbours,true,true,land,-3.3843885683470774
hero-16m-19-15,hero-16m,2448,1968,553565.9069992995,4183333.0844205767,0,3.336228249646264,true,four-finite-non-nodata-pixelisarea-neighbours,true,true,land,-3.336228249646264
hero-16m-20-15,hero-16m,2464,1968,553581.9170411938,4183333.18863073,0,3.3229143529448946,true,four-finite-non-nodata-pixelisarea-neighbours,true,true,land,-3.3229143529448946
hero-16m-21-15,hero-16m,2480,1968,553597.9270832238,4183333.292872028,0,1.0415746921640983,true,four-finite-non-nodata-pixelisarea-neighbours,true,false,land,-1.0415746921640983
hero-16m-22-15,hero-16m,2496,1968,553613.9371253896,4183333.3971444713,0,-1.0700000524520874,true,four-finite-non-nodata-pixelisarea-neighbours,false,false,water-or-outside,1.0700000524520874
hero-16m-23-15,hero-16m,2512,1968,553629.9471676934,4183333.50144806,0,-1.0700000524520874,true,four-finite-non-nodata-pixelisarea-neighbours,false,false,water-or-outside,1.0700000524520874
hero-16m-24-15,hero-16m,2528,1968,553645.9572101306,4183333.6057827934,0,-1.0700000524520874,true,four-finite-non-nodata-pixelisarea-neighbours,false,false,water-or-outside,1.0700000524520874
hero-16m-0-16,hero-16m,2144,1984,553261.6123391325,4183347.1647197474,0.01720464828051465,2.8091551242125137,true,four-finite-non-nodata-pixelisarea-neighbours,true,true,land,-2.791950475931999
hero-16m-1-16,hero-16m,2160,1984,553277.6223472247,4183347.268338278,-0.07208551292926174,3.177047824622524,true,four-finite-non-nodata-pixelisarea-neighbours,true,true,land,-3.2491333375517857
hero-16m-2-16,hero-16m,2176,1984,553293.6323554543,4183347.3719879542,-0.14737767531373722,3.165548011870977,true,four-finite-non-nodata-pixelisarea-neighbours,true,true,land,-3.312925687184714
hero-16m-3-16,hero-16m,2192,1984,553309.6423638165,4183347.475668776,-0.21164811079146945,2.879570294811875,true,four-finite-non-nodata-pixelisarea-neighbours,true,true,land,-3.0912184056033447
hero-16m-4-16,hero-16m,2208,1984,553325.6523723159,4183347.5793807427,-0.3197754158411706,2.9766598892884772,true,four-finite-non-nodata-pixelisarea-neighbours,true,true,land,-3.296435305129648
hero-16m-5-16,hero-16m,2224,1984,553341.662380946,4183347.6831238545,-0.45945230102800727,3.3777464524824783,true,four-finite-non-nodata-pixelisarea-neighbours,true,true,land,-3.8371987535104854
hero-16m-6-16,hero-16m,2240,1984,553357.6723897156,4183347.7868981115,-0.49849159149471145,3.434393406312391,true,four-finite-non-nodata-pixelisarea-neighbours,true,true,land,-3.9328849978071023
hero-16m-7-16,hero-16m,2256,1984,553373.6823986181,4183347.8907035133,-0.4843717737853127,3.418201528605513,true,four-finite-non-nodata-pixelisarea-neighbours,true,true,land,-3.9025733023908256
hero-16m-8-16,hero-16m,2272,1984,553389.6924076556,4183347.9945400604,-0.4074857658020749,3.382620763298468,true,four-finite-non-nodata-pixelisarea-neighbours,true,true,land,-3.790106529100543
hero-16m-9-16,hero-16m,2288,1984,553405.7024168308,4183348.098407753,-0.2725868123656742,3.3991070431814627,true,four-finite-non-nodata-pixelisarea-neighbours,true,true,land,-3.671693855547137
hero-16m-10-16,hero-16m,2304,1984,553421.7124261389,4183348.2023065905,-0.14017832916706058,-1.0700000524520874,true,four-finite-non-nodata-pixelisarea-neighbours,false,false,water-or-outside,0.9298217232850268
hero-16m-11-16,hero-16m,2320,1984,553437.7224355823,4183348.306236573,-0.02425303071711867,-1.0700000524520874,true,four-finite-non-nodata-pixelisarea-neighbours,false,false,water-or-outside,1.0457470217349687
hero-16m-12-16,hero-16m,2336,1984,553453.7324451633,4183348.410197701,0,-1.0700000524520874,true,four-finite-non-nodata-pixelisarea-neighbours,false,false,water-or-outside,1.0700000524520874
hero-16m-13-16,hero-16m,2352,1984,553469.7424548775,4183348.514189974,0,4.64659276629271,true,four-finite-non-nodata-pixelisarea-neighbours,false,false,water-or-outside,-4.64659276629271
hero-16m-14-16,hero-16m,2368,1984,553485.7524647269,4183348.6182133914,0,-1.0700000524520874,true,four-finite-non-nodata-pixelisarea-neighbours,false,false,water-or-outside,1.0700000524520874
hero-16m-15-16,hero-16m,2384,1984,553501.762474712,4183348.7222679546,0,-1.0700000524520874,true,four-finite-non-nodata-pixelisarea-neighbours,false,false,water-or-outside,1.0700000524520874
hero-16m-16-16,hero-16m,2400,1984,553517.7724848347,4183348.8263536636,0,3.438357608837122,true,four-finite-non-nodata-pixelisarea-neighbours,true,true,land,-3.438357608837122
hero-16m-17-16,hero-16m,2416,1984,553533.7824950907,4183348.930470517,0,3.4198502157739914,true,four-finite-non-nodata-pixelisarea-neighbours,true,true,land,-3.4198502157739914
hero-16m-18-16,hero-16m,2432,1984,553549.7925054822,4183349.0346185155,0,3.4218873317478895,true,four-finite-non-nodata-pixelisarea-neighbours,true,true,land,-3.4218873317478895
hero-16m-19-16,hero-16m,2448,1984,553565.8025160118,4183349.1387976594,0,3.382371758386787,true,four-finite-non-nodata-pixelisarea-neighbours,true,true,land,-3.382371758386787
hero-16m-20-16,hero-16m,2464,1984,553581.8125266746,4183349.2430079486,0,3.3553754089875887,true,four-finite-non-nodata-pixelisarea-neighbours,true,true,land,-3.3553754089875887
hero-16m-21-16,hero-16m,2480,1984,553597.8225374732,4183349.347249383,0,-1.0700000524520874,true,four-finite-non-nodata-pixelisarea-neighbours,false,false,water-or-outside,1.0700000524520874
hero-16m-22-16,hero-16m,2496,1984,553613.8325484074,4183349.4515219624,0,-1.0700000524520874,true,four-finite-non-nodata-pixelisarea-neighbours,false,false,water-or-outside,1.0700000524520874
hero-16m-23-16,hero-16m,2512,1984,553629.8425594798,4183349.555825687,0,-1.0700000524520874,true,four-finite-non-nodata-pixelisarea-neighbours,false,false,water-or-outside,1.0700000524520874
hero-16m-24-16,hero-16m,2528,1984,553645.8525706857,4183349.660160557,0,-1.0700000524520874,true,four-finite-non-nodata-pixelisarea-neighbours,false,false,water-or-outside,1.0700000524520874
hero-16m-0-17,hero-16m,2144,2000,553261.5084489005,4183363.2190946443,-0.060190436017077714,3.1593114482594356,true,four-finite-non-nodata-pixelisarea-neighbours,true,true,land,-3.219501884276513
hero-16m-1-17,hero-16m,2160,2000,553277.5184257614,4183363.322713311,-0.1645381883520886,3.2404519059940746,true,four-finite-non-nodata-pixelisarea-neighbours,true,true,land,-3.404990094346163
hero-16m-2-17,hero-16m,2176,2000,553293.5284027593,4183363.4263631226,-0.27591854626919027,2.888040970302836,true,four-finite-non-nodata-pixelisarea-neighbours,true,true,land,-3.1639595165720262
hero-16m-3-17,hero-16m,2192,2000,553309.53837989,4183363.5300440793,-0.3401889817469226,2.789390024476466,true,four-finite-non-nodata-pixelisarea-neighbours,true,true,land,-3.1295790062233886
hero-16m-4-17,hero-16m,2208,2000,553325.5483571581,4183363.633756181,-0.4718783220811729,3.248731021090443,true,four-finite-non-nodata-pixelisarea-neighbours,true,true,land,-3.720609343171616
hero-16m-5-17,hero-16m,2224,2000,553341.5583345566,4183363.7374994284,-0.6510666303176094,3.466760217186743,true,four-finite-non-nodata-pixelisarea-neighbours,true,true,land,-4.117826847504352
hero-16m-6-17,hero-16m,2240,2000,553357.5683120947,4183363.8412738205,-0.6074921432543813,3.4748660639877906,true,four-finite-non-nodata-pixelisarea-neighbours,true,true,land,-4.082358207242172
hero-16m-7-17,hero-16m,2256,2000,553373.5782897656,4183363.9450793583,-0.5297003786390411,3.4116692936458946,true,four-finite-non-nodata-pixelisarea-neighbours,true,true,land,-3.9413696722849356
hero-16m-8-17,hero-16m,2272,2000,553389.5882675719,4183364.0489160414,-0.4115074818908373,3.4069139191239355,true,four-finite-non-nodata-pixelisarea-neighbours,true,true,land,-3.818421401014773
hero-16m-9-17,hero-16m,2288,2000,553405.5982455155,4183364.152783869,-0.23530163968947043,0.17572717594048498,true,four-finite-non-nodata-pixelisarea-neighbours,false,false,water-or-outside,-0.4110288156299554
hero-16m-10-17,hero-16m,2304,2000,553421.608223592,4183364.256682842,-0.0902295196527774,-1.0700000524520874,true,four-finite-non-nodata-pixelisarea-neighbours,false,false,water-or-outside,0.97977053279931
hero-16m-11-17,hero-16m,2320,2000,553437.6182018039,4183364.3606129605,-0.015611109967801594,-1.0700000524520874,true,four-finite-non-nodata-pixelisarea-neighbours,false,false,water-or-outside,1.0543889424842858
hero-16m-12-17,hero-16m,2336,2000,553453.6281801534,4183364.464574224,0,-1.0700000524520874,true,four-finite-non-nodata-pixelisarea-neighbours,false,false,water-or-outside,1.0700000524520874
hero-16m-13-17,hero-16m,2352,2000,553469.6381586359,4183364.568566633,0,-1.0700000524520874,true,four-finite-non-nodata-pixelisarea-neighbours,false,false,water-or-outside,1.0700000524520874
hero-16m-14-17,hero-16m,2368,2000,553485.6481372541,4183364.6725901864,0,-1.0700000524520874,true,four-finite-non-nodata-pixelisarea-neighbours,false,false,water-or-outside,1.0700000524520874
hero-16m-15-17,hero-16m,2384,2000,553501.6581160075,4183364.7766448855,0,-1.0700000524520874,true,four-finite-non-nodata-pixelisarea-neighbours,false,false,water-or-outside,1.0700000524520874
hero-16m-16-17,hero-16m,2400,2000,553517.6680948987,4183364.8807307296,0,-1.0700000524520874,true,four-finite-non-nodata-pixelisarea-neighbours,false,false,water-or-outside,1.0700000524520874
hero-16m-17-17,hero-16m,2416,2000,553533.6780739231,4183364.9848477193,0,-0.8439736593031381,true,four-finite-non-nodata-pixelisarea-neighbours,false,false,water-or-outside,0.8439736593031381
hero-16m-18-17,hero-16m,2432,2000,553549.6880530831,4183365.088995854,0,3.3202912356841034,true,four-finite-non-nodata-pixelisarea-neighbours,true,true,land,-3.3202912356841034
hero-16m-19-17,hero-16m,2448,2000,553565.6980323811,4183365.193175134,0,3.319018210654119,true,four-finite-non-nodata-pixelisarea-neighbours,true,true,land,-3.319018210654119
hero-16m-20-17,hero-16m,2464,2000,553581.7080118124,4183365.297385559,0,-1.0700000524520874,true,four-finite-non-nodata-pixelisarea-neighbours,false,false,water-or-outside,1.0700000524520874
hero-16m-21-17,hero-16m,2480,2000,553597.7179913794,4183365.40162713,0,-1.0700000524520874,true,four-finite-non-nodata-pixelisarea-neighbours,false,false,water-or-outside,1.0700000524520874
hero-16m-22-17,hero-16m,2496,2000,553613.7279710822,4183365.505899845,0,-1.0700000524520874,true,four-finite-non-nodata-pixelisarea-neighbours,false,false,water-or-outside,1.0700000524520874
hero-16m-23-17,hero-16m,2512,2000,553629.7379509229,4183365.610203706,0,-1.0700000524520874,true,four-finite-non-nodata-pixelisarea-neighbours,false,false,water-or-outside,1.0700000524520874
hero-16m-24-17,hero-16m,2528,2000,553645.7479308973,4183365.714538712,0,-1.0700000524520874,true,four-finite-non-nodata-pixelisarea-neighbours,false,false,water-or-outside,1.0700000524520874
hero-16m-0-18,hero-16m,2144,2016,553261.4045583277,4183379.2734699305,-0.1562450780626531,3.2240837393479276,true,four-finite-non-nodata-pixelisarea-neighbours,true,true,land,-3.3803288174105806
hero-16m-1-18,hero-16m,2160,2016,553277.414503957,4183379.3770887326,-0.30516062383270426,3.0729322006111897,true,four-finite-non-nodata-pixelisarea-neighbours,true,true,land,-3.378092824443894
hero-16m-2-18,hero-16m,2176,2016,553293.4244497234,4183379.4807386794,-0.4526291772824323,2.555106510275319,true,four-finite-non-nodata-pixelisarea-neighbours,true,true,land,-3.0077356875577514
hero-16m-3-18,hero-16m,2192,2016,553309.4343956226,4183379.5844197716,-0.5168996127601645,2.838647891294564,true,four-finite-non-nodata-pixelisarea-neighbours,true,true,land,-3.3555475040547282
hero-16m-4-18,hero-16m,2208,2016,553325.444341659,4183379.6881320095,-0.6015133723308683,3.0863037651063503,true,four-finite-non-nodata-pixelisarea-neighbours,true,true,land,-3.687817137437219
hero-16m-5-18,hero-16m,2224,2016,553341.4542878259,4183379.7918753917,-0.698171679433845,3.4943436270300263,true,four-finite-non-nodata-pixelisarea-neighbours,true,true,land,-4.192515306463871
hero-16m-6-18,hero-16m,2240,2016,553357.4642341323,4183379.8956499198,-0.5719834148406847,3.4730591838382803,true,four-finite-non-nodata-pixelisarea-neighbours,true,true,land,-4.045042598678965
hero-16m-7-18,hero-16m,2256,2016,553373.4741805717,4183379.999455593,-0.45891295845860225,3.360245877411427,true,four-finite-non-nodata-pixelisarea-neighbours,true,true,land,-3.819158835870029
hero-16m-8-18,hero-16m,2272,2016,553389.4841271463,4183380.103292411,-0.361331002060866,-0.595315378726755,true,four-finite-non-nodata-pixelisarea-neighbours,false,false,water-or-outside,0.233984376665889
hero-16m-9-18,hero-16m,2288,2016,553405.4940738583,4183380.2071603746,-0.1777914035827223,-1.0700000524520874,true,four-finite-non-nodata-pixelisarea-neighbours,false,false,water-or-outside,0.8922086488693651
hero-16m-10-18,hero-16m,2304,2016,553421.5040207033,4183380.3110594833,-0.040280710138494207,-1.0700000524520874,true,four-finite-non-nodata-pixelisarea-neighbours,false,false,water-or-outside,1.0297193423135933
hero-16m-11-18,hero-16m,2320,2016,553437.5139676835,4183380.4149897373,-0.006969189218484524,-1.0700000524520874,true,four-finite-non-nodata-pixelisarea-neighbours,false,false,water-or-outside,1.063030863233603
hero-16m-12-18,hero-16m,2336,2016,553453.5239148014,4183380.5189511366,0,-1.0700000524520874,true,four-finite-non-nodata-pixelisarea-neighbours,false,false,water-or-outside,1.0700000524520874
hero-16m-13-18,hero-16m,2352,2016,553469.5338620524,4183380.6229436807,0,-1.0700000524520874,true,four-finite-non-nodata-pixelisarea-neighbours,false,false,water-or-outside,1.0700000524520874
hero-16m-14-18,hero-16m,2368,2016,553485.5438094388,4183380.7269673706,0,-1.0700000524520874,true,four-finite-non-nodata-pixelisarea-neighbours,false,false,water-or-outside,1.0700000524520874
hero-16m-15-18,hero-16m,2384,2016,553501.5537569607,4183380.8310222058,0,-1.0700000524520874,true,four-finite-non-nodata-pixelisarea-neighbours,false,false,water-or-outside,1.0700000524520874
hero-16m-16-18,hero-16m,2400,2016,553517.5637046202,4183380.935108186,0,-1.0700000524520874,true,four-finite-non-nodata-pixelisarea-neighbours,false,false,water-or-outside,1.0700000524520874
hero-16m-17-18,hero-16m,2416,2016,553533.573652413,4183381.0392253115,0,0.2160608392093692,true,four-finite-non-nodata-pixelisarea-neighbours,false,false,water-or-outside,-0.2160608392093692
hero-16m-18-18,hero-16m,2432,2016,553549.5836003415,4183381.1433735816,0,-1.0700000524520874,true,four-finite-non-nodata-pixelisarea-neighbours,false,false,water-or-outside,1.0700000524520874
hero-16m-19-18,hero-16m,2448,2016,553565.5935484078,4183381.247552998,0,-1.0700000524520874,true,four-finite-non-nodata-pixelisarea-neighbours,false,false,water-or-outside,1.0700000524520874
hero-16m-20-18,hero-16m,2464,2016,553581.6034966074,4183381.351763559,0,-1.0700000524520874,true,four-finite-non-nodata-pixelisarea-neighbours,false,false,water-or-outside,1.0700000524520874
hero-16m-21-18,hero-16m,2480,2016,553597.6134449427,4183381.4560052655,0,-1.0700000524520874,true,four-finite-non-nodata-pixelisarea-neighbours,false,false,water-or-outside,1.0700000524520874
hero-16m-22-18,hero-16m,2496,2016,553613.6233934138,4183381.560278117,0,-1.0700000524520874,true,four-finite-non-nodata-pixelisarea-neighbours,false,false,water-or-outside,1.0700000524520874
hero-16m-23-18,hero-16m,2512,2016,553629.633342023,4183381.6645821147,0,-1.0700000524520874,true,four-finite-non-nodata-pixelisarea-neighbours,false,false,water-or-outside,1.0700000524520874
hero-16m-24-18,hero-16m,2528,2016,553645.6432907657,4183381.768917257,0,-1.0700000524520874,true,four-finite-non-nodata-pixelisarea-neighbours,false,false,water-or-outside,1.0700000524520874
hero-16m-0-19,hero-16m,2144,2032,553261.3006674142,4183395.32784561,-0.27351725599063703,3.1005057989862963,true,four-finite-non-nodata-pixelisarea-neighbours,true,true,land,-3.3740230549769334
hero-16m-1-19,hero-16m,2160,2032,553277.3105818117,4183395.431464547,-0.45795905396414494,2.6750238311790397,true,four-finite-non-nodata-pixelisarea-neighbours,true,true,land,-3.1329828851431847
hero-16m-2-19,hero-16m,2176,2032,553293.3204963465,4183395.5351146297,-0.6185398304892803,2.703755450154727,true,four-finite-non-nodata-pixelisarea-neighbours,true,true,land,-3.322295280644007
hero-16m-3-19,hero-16m,2192,2032,553309.3304110139,4183395.638795857,-0.6668195302770982,-0.724846176709812,true,four-finite-non-nodata-pixelisarea-neighbours,true,true,land,0.058026646432713824
hero-16m-4-19,hero-16m,2208,2032,553325.3403258186,4183395.74250823,-0.6784384620003873,-1.0700000524520874,true,four-finite-non-nodata-pixelisarea-neighbours,true,true,land,0.39156159045170014
hero-16m-5-19,hero-16m,2224,2032,553341.3502407538,4183395.8462517476,-0.6600016463081902,-1.0700000524520874,true,four-finite-non-nodata-pixelisarea-neighbours,true,true,land,0.40999840614389715
hero-16m-6-19,hero-16m,2240,2032,553357.3601558286,4183395.950026411,-0.47518570771996715,3.4470519161596282,true,four-finite-non-nodata-pixelisarea-neighbours,true,true,land,-3.9222376238795955
hero-16m-7-19,hero-16m,2256,2032,553373.3700710363,4183396.05383222,-0.34931391812714724,3.368781286555236,true,four-finite-non-nodata-pixelisarea-neighbours,false,false,water-or-outside,-3.718095204682383
hero-16m-8-19,hero-16m,2272,2032,553389.3799863792,4183396.1576691736,-0.29303885049437717,-1.0700000524520874,true,four-finite-non-nodata-pixelisarea-neighbours,false,false,water-or-outside,0.7769612019577102
hero-16m-9-19,hero-16m,2288,2032,553405.3899018595,4183396.261537273,-0.1207378919552811,-1.0700000524520874,true,four-finite-non-nodata-pixelisarea-neighbours,false,false,water-or-outside,0.9492621604968063
hero-16m-10-19,hero-16m,2304,2032,553421.3998174727,4183396.365436517,0,-1.0700000524520874,true,four-finite-non-nodata-pixelisarea-neighbours,false,false,water-or-outside,1.0700000524520874
hero-16m-11-19,hero-16m,2320,2032,553437.4097332213,4183396.4693669067,0,-1.0700000524520874,true,four-finite-non-nodata-pixelisarea-neighbours,false,false,water-or-outside,1.0700000524520874
hero-16m-12-19,hero-16m,2336,2032,553453.4196491074,4183396.5733284415,0,-1.0700000524520874,true,four-finite-non-nodata-pixelisarea-neighbours,false,false,water-or-outside,1.0700000524520874
hero-16m-13-19,hero-16m,2352,2032,553469.4295651267,4183396.677321122,0,-1.0700000524520874,true,four-finite-non-nodata-pixelisarea-neighbours,false,false,water-or-outside,1.0700000524520874
hero-16m-14-19,hero-16m,2368,2032,553485.4394812813,4183396.7813449474,0,-1.0700000524520874,true,four-finite-non-nodata-pixelisarea-neighbours,false,false,water-or-outside,1.0700000524520874
hero-16m-15-19,hero-16m,2384,2032,553501.4493975714,4183396.8853999185,0,-1.0700000524520874,true,four-finite-non-nodata-pixelisarea-neighbours,false,false,water-or-outside,1.0700000524520874
hero-16m-16-19,hero-16m,2400,2032,553517.4593139993,4183396.9894860345,0,-1.0700000524520874,true,four-finite-non-nodata-pixelisarea-neighbours,false,false,water-or-outside,1.0700000524520874
hero-16m-17-19,hero-16m,2416,2032,553533.4692305604,4183397.0936032957,0,-1.0700000524520874,true,four-finite-non-nodata-pixelisarea-neighbours,false,false,water-or-outside,1.0700000524520874
hero-16m-18-19,hero-16m,2432,2032,553549.479147257,4183397.1977517023,0,-1.0700000524520874,true,four-finite-non-nodata-pixelisarea-neighbours,false,false,water-or-outside,1.0700000524520874
hero-16m-19-19,hero-16m,2448,2032,553565.4890640916,4183397.3019312546,0,-1.0700000524520874,true,four-finite-non-nodata-pixelisarea-neighbours,false,false,water-or-outside,1.0700000524520874
hero-16m-20-19,hero-16m,2464,2032,553581.4989810595,4183397.4061419517,0,-1.0700000524520874,true,four-finite-non-nodata-pixelisarea-neighbours,false,false,water-or-outside,1.0700000524520874
hero-16m-21-19,hero-16m,2480,2032,553597.5088981631,4183397.510383794,0,-1.0700000524520874,true,four-finite-non-nodata-pixelisarea-neighbours,false,false,water-or-outside,1.0700000524520874
hero-16m-22-19,hero-16m,2496,2032,553613.5188154024,4183397.614656782,0,-1.0700000524520874,true,four-finite-non-nodata-pixelisarea-neighbours,false,false,water-or-outside,1.0700000524520874
hero-16m-23-19,hero-16m,2512,2032,553629.5287327798,4183397.718960915,0,-1.0700000524520874,true,four-finite-non-nodata-pixelisarea-neighbours,false,false,water-or-outside,1.0700000524520874
hero-16m-24-19,hero-16m,2528,2032,553645.5386502908,4183397.823296194,0,-1.0700000524520874,true,four-finite-non-nodata-pixelisarea-neighbours,false,false,water-or-outside,1.0700000524520874
hero-16m-0-20,hero-16m,2144,2048,553261.1967761598,4183411.38222168,-0.4532039136039668,2.7897366647532493,true,four-finite-non-nodata-pixelisarea-neighbours,true,true,land,-3.2429405783572163
hero-16m-1-20,hero-16m,2160,2048,553277.2066593256,4183411.4858407523,-0.594405880507136,2.7188058731699263,true,four-finite-non-nodata-pixelisarea-neighbours,true,true,land,-3.3132117536770624
hero-16m-2-20,hero-16m,2176,2048,553293.2165426285,4183411.5894909697,-0.6723728795023317,3.0093416776740964,true,four-finite-non-nodata-pixelisarea-neighbours,true,true,land,-3.681714557176428
hero-16m-3-20,hero-16m,2192,2048,553309.2264260642,4183411.6931723324,-0.6380388017602029,-1.0700000524520874,true,four-finite-non-nodata-pixelisarea-neighbours,true,true,land,0.4319612506918845
hero-16m-4-20,hero-16m,2208,2048,553325.2363096371,4183411.796884841,-0.5670439559535525,-1.0700000524520874,true,four-finite-non-nodata-pixelisarea-neighbours,true,true,land,0.5029560964985349
hero-16m-5-20,hero-16m,2224,2048,553341.2461933405,4183411.900628494,-0.4677888284467825,-1.0700000524520874,true,four-finite-non-nodata-pixelisarea-neighbours,true,true,land,0.6022112240053049
hero-16m-6-20,hero-16m,2240,2048,553357.2560771834,4183412.004403293,-0.324279778623529,-1.0700000524520874,true,four-finite-non-nodata-pixelisarea-neighbours,true,true,land,0.7457202738285584
hero-16m-7-20,hero-16m,2256,2048,553373.2659611593,4183412.108209237,-0.23971487779568257,3.395313238883295,true,four-finite-non-nodata-pixelisarea-neighbours,false,false,water-or-outside,-3.6350281166789777
hero-16m-8-20,hero-16m,2272,2048,553389.2758452704,4183412.2120463266,-0.22474669892788224,-1.0700000524520874,true,four-finite-non-nodata-pixelisarea-neighbours,false,false,water-or-outside,0.8452533535242052
hero-16m-9-20,hero-16m,2288,2048,553405.2857295189,4183412.3159145615,-0.09375262915375596,-1.0700000524520874,true,four-finite-non-nodata-pixelisarea-neighbours,false,false,water-or-outside,0.9762474232983315
hero-16m-10-20,hero-16m,2304,2048,553421.2956139003,4183412.4198139412,0,-1.0700000524520874,true,four-finite-non-nodata-pixelisarea-neighbours,false,false,water-or-outside,1.0700000524520874
hero-16m-11-20,hero-16m,2320,2048,553437.305498417,4183412.5237444667,0,-1.0700000524520874,true,four-finite-non-nodata-pixelisarea-neighbours,false,false,water-or-outside,1.0700000524520874
hero-16m-12-20,hero-16m,2336,2048,553453.3153830713,4183412.627706137,0,-1.0700000524520874,true,four-finite-non-nodata-pixelisarea-neighbours,false,false,water-or-outside,1.0700000524520874
hero-16m-13-20,hero-16m,2352,2048,553469.3252678588,4183412.7316989535,0,-1.0700000524520874,true,four-finite-non-nodata-pixelisarea-neighbours,false,false,water-or-outside,1.0700000524520874
hero-16m-14-20,hero-16m,2368,2048,553485.3351527816,4183412.835722915,0,-1.0700000524520874,true,four-finite-non-nodata-pixelisarea-neighbours,false,false,water-or-outside,1.0700000524520874
hero-16m-15-20,hero-16m,2384,2048,553501.3450378398,4183412.939778021,0,-1.0700000524520874,true,four-finite-non-nodata-pixelisarea-neighbours,false,false,water-or-outside,1.0700000524520874
hero-16m-16-20,hero-16m,2400,2048,553517.3549230358,4183413.043864273,0,-1.0700000524520874,true,four-finite-non-nodata-pixelisarea-neighbours,false,false,water-or-outside,1.0700000524520874
hero-16m-17-20,hero-16m,2416,2048,553533.3648083651,4183413.14798167,0,-1.0700000524520874,true,four-finite-non-nodata-pixelisarea-neighbours,false,false,water-or-outside,1.0700000524520874
hero-16m-18-20,hero-16m,2432,2048,553549.3746938299,4183413.252130213,0,-1.0700000524520874,true,four-finite-non-nodata-pixelisarea-neighbours,false,false,water-or-outside,1.0700000524520874
hero-16m-19-20,hero-16m,2448,2048,553565.3845794327,4183413.356309901,0,-1.0700000524520874,true,four-finite-non-nodata-pixelisarea-neighbours,false,false,water-or-outside,1.0700000524520874
hero-16m-20-20,hero-16m,2464,2048,553581.3944651687,4183413.4605207345,0,-1.0700000524520874,true,four-finite-non-nodata-pixelisarea-neighbours,false,false,water-or-outside,1.0700000524520874
hero-16m-21-20,hero-16m,2480,2048,553597.4043510405,4183413.564762713,0,-1.0700000524520874,true,four-finite-non-nodata-pixelisarea-neighbours,false,false,water-or-outside,1.0700000524520874
hero-16m-22-20,hero-16m,2496,2048,553613.414237048,4183413.669035837,0,-1.0700000524520874,true,four-finite-non-nodata-pixelisarea-neighbours,false,false,water-or-outside,1.0700000524520874
hero-16m-23-20,hero-16m,2512,2048,553629.4241231935,4183413.7733401065,0,-1.0700000524520874,true,four-finite-non-nodata-pixelisarea-neighbours,false,false,water-or-outside,1.0700000524520874
hero-16m-24-20,hero-16m,2528,2048,553645.4340094726,4183413.877675521,0,-1.0700000524520874,true,four-finite-non-nodata-pixelisarea-neighbours,false,false,water-or-outside,1.0700000524520874
hero-16m-0-21,hero-16m,2144,2064,553261.0928845645,4183427.436598141,-0.5350535703546354,2.9640956300816645,true,four-finite-non-nodata-pixelisarea-neighbours,true,true,land,-3.4991492004363
hero-16m-1-21,hero-16m,2160,2064,553277.1027364985,4183427.540217349,-0.6258794846042659,3.2842831308499756,true,four-finite-non-nodata-pixelisarea-neighbours,true,true,land,-3.9101626154542415
hero-16m-2-21,hero-16m,2176,2064,553293.1125885695,4183427.6438677013,-0.6475714159666952,1.9660085508564349,true,four-finite-non-nodata-pixelisarea-neighbours,false,false,water-or-outside,-2.61357996682313
hero-16m-3-21,hero-16m,2192,2064,553309.1224407733,4183427.7475492,-0.5569622705917949,-1.0700000524520874,true,four-finite-non-nodata-pixelisarea-neighbours,true,true,land,0.5130377818602925
hero-16m-4-21,hero-16m,2208,2064,553325.1322931142,4183427.8512618435,-0.429692357152378,-1.0700000524520874,true,four-finite-non-nodata-pixelisarea-neighbours,true,true,land,0.6403076952997093
hero-16m-5-21,hero-16m,2224,2064,553341.1421455857,4183427.9550056322,-0.2755760105853916,-1.0700000524520874,true,four-finite-non-nodata-pixelisarea-neighbours,true,true,land,0.7944240418666958
hero-16m-6-21,hero-16m,2240,2064,553357.1519981968,4183428.058780567,-0.17337384952710427,-1.0700000524520874,true,four-finite-non-nodata-pixelisarea-neighbours,false,false,water-or-outside,0.8966262029249832
hero-16m-7-21,hero-16m,2256,2064,553373.1618509408,4183428.1625866466,-0.11803786701805166,-1.0700000524520874,true,four-finite-non-nodata-pixelisarea-neighbours,false,false,water-or-outside,0.9519621854340358
hero-16m-8-21,hero-16m,2272,2064,553389.1717038199,4183428.2664238713,-0.11803786701805166,-1.0700000524520874,true,four-finite-non-nodata-pixelisarea-neighbours,false,false,water-or-outside,0.9519621854340358
hero-16m-9-21,hero-16m,2288,2064,553405.1815568365,4183428.3702922417,-0.049560623610792325,-1.0700000524520874,true,four-finite-non-nodata-pixelisarea-neighbours,false,false,water-or-outside,1.020439428841295
hero-16m-10-21,hero-16m,2304,2064,553421.191409986,4183428.4741917574,0,-1.0700000524520874,true,four-finite-non-nodata-pixelisarea-neighbours,false,false,water-or-outside,1.0700000524520874
hero-16m-11-21,hero-16m,2320,2064,553437.2012632708,4183428.5781224184,0,-1.0700000524520874,true,four-finite-non-nodata-pixelisarea-neighbours,false,false,water-or-outside,1.0700000524520874
hero-16m-12-21,hero-16m,2336,2064,553453.2111166932,4183428.6820842247,0,-1.0700000524520874,true,four-finite-non-nodata-pixelisarea-neighbours,false,false,water-or-outside,1.0700000524520874
hero-16m-13-21,hero-16m,2352,2064,553469.2209702487,4183428.786077176,0,-1.0700000524520874,true,four-finite-non-nodata-pixelisarea-neighbours,false,false,water-or-outside,1.0700000524520874
hero-16m-14-21,hero-16m,2368,2064,553485.2308239395,4183428.890101273,0,-1.0700000524520874,true,four-finite-non-nodata-pixelisarea-neighbours,false,false,water-or-outside,1.0700000524520874
hero-16m-15-21,hero-16m,2384,2064,553501.2406777659,4183428.994156516,0,-1.0700000524520874,true,four-finite-non-nodata-pixelisarea-neighbours,false,false,water-or-outside,1.0700000524520874
hero-16m-16-21,hero-16m,2400,2064,553517.25053173,4183429.098242904,0,-1.0700000524520874,true,four-finite-non-nodata-pixelisarea-neighbours,false,false,water-or-outside,1.0700000524520874
hero-16m-17-21,hero-16m,2416,2064,553533.2603858273,4183429.2023604373,0,-1.0700000524520874,true,four-finite-non-nodata-pixelisarea-neighbours,false,false,water-or-outside,1.0700000524520874
hero-16m-18-21,hero-16m,2432,2064,553549.2702400602,4183429.3065091157,0,-1.0700000524520874,true,four-finite-non-nodata-pixelisarea-neighbours,false,false,water-or-outside,1.0700000524520874
hero-16m-19-21,hero-16m,2448,2064,553565.2800944309,4183429.4106889395,0,-1.0700000524520874,true,four-finite-non-nodata-pixelisarea-neighbours,false,false,water-or-outside,1.0700000524520874
hero-16m-20-21,hero-16m,2464,2064,553581.289948935,4183429.514899909,0,-1.0700000524520874,true,four-finite-non-nodata-pixelisarea-neighbours,false,false,water-or-outside,1.0700000524520874
hero-16m-21-21,hero-16m,2480,2064,553597.2998035749,4183429.619142024,0,-1.0700000524520874,true,four-finite-non-nodata-pixelisarea-neighbours,false,false,water-or-outside,1.0700000524520874
hero-16m-22-21,hero-16m,2496,2064,553613.3096583504,4183429.723415284,0,-1.0700000524520874,true,four-finite-non-nodata-pixelisarea-neighbours,false,false,water-or-outside,1.0700000524520874
hero-16m-23-21,hero-16m,2512,2064,553629.319513264,4183429.8277196893,0,-1.0700000524520874,true,four-finite-non-nodata-pixelisarea-neighbours,false,false,water-or-outside,1.0700000524520874
hero-16m-24-21,hero-16m,2528,2064,553645.3293683111,4183429.9320552405,0,-1.0700000524520874,true,four-finite-non-nodata-pixelisarea-neighbours,false,false,water-or-outside,1.0700000524520874
hero-16m-0-22,hero-16m,2144,2080,553260.9889926285,4183443.4909749916,-0.5560513660256663,3.3385581467569314,true,four-finite-non-nodata-pixelisarea-neighbours,true,true,land,-3.8946095127825977
hero-16m-1-22,hero-16m,2160,2080,553276.9988133304,4183443.5945943343,-0.5901429873496303,3.5921121304692245,true,four-finite-non-nodata-pixelisarea-neighbours,true,true,land,-4.182255117818855
hero-16m-2-22,hero-16m,2176,2080,553293.0086341695,4183443.6982448227,-0.5680056998757664,3.6894512784274,true,four-finite-non-nodata-pixelisarea-neighbours,true,true,land,-4.257456978303166
hero-16m-3-22,hero-16m,2192,2080,553309.0184551412,4183443.801926456,-0.4394648289203019,1.153572006325843,true,four-finite-non-nodata-pixelisarea-neighbours,false,false,water-or-outside,-1.5930368352461448
hero-16m-4-22,hero-16m,2208,2080,553325.0282762502,4183443.905639235,-0.2781136718136229,-1.0700000524520874,true,four-finite-non-nodata-pixelisarea-neighbours,true,false,land,0.7918863806384645
hero-16m-5-22,hero-16m,2224,2080,553341.0380974897,4183444.009383159,-0.09386619666140214,-1.0700000524520874,true,four-finite-non-nodata-pixelisarea-neighbours,true,true,land,0.9761338557906852
hero-16m-6-22,hero-16m,2240,2080,553357.0479188687,4183444.113158229,-0.032970924368080926,-1.0700000524520874,true,four-finite-non-nodata-pixelisarea-neighbours,false,false,water-or-outside,1.0370291280840065
hero-16m-7-22,hero-16m,2256,2080,553373.0577403808,4183444.2169644446,0,-1.0700000524520874,true,four-finite-non-nodata-pixelisarea-neighbours,false,false,water-or-outside,1.0700000524520874
hero-16m-8-22,hero-16m,2272,2080,553389.0675620278,4183444.3208018052,0,-1.0700000524520874,true,four-finite-non-nodata-pixelisarea-neighbours,false,false,water-or-outside,1.0700000524520874
hero-16m-9-22,hero-16m,2288,2080,553405.0773838123,4183444.424670311,0,-1.0700000524520874,true,four-finite-non-nodata-pixelisarea-neighbours,false,false,water-or-outside,1.0700000524520874
hero-16m-10-22,hero-16m,2304,2080,553421.0872057299,4183444.5285699624,0,-1.0700000524520874,true,four-finite-non-nodata-pixelisarea-neighbours,false,false,water-or-outside,1.0700000524520874
hero-16m-11-22,hero-16m,2320,2080,553437.0970277827,4183444.632500759,0,-1.0700000524520874,true,four-finite-non-nodata-pixelisarea-neighbours,false,false,water-or-outside,1.0700000524520874
hero-16m-12-22,hero-16m,2336,2080,553453.106849973,4183444.736462701,0,-1.0700000524520874,true,four-finite-non-nodata-pixelisarea-neighbours,false,false,water-or-outside,1.0700000524520874
hero-16m-13-22,hero-16m,2352,2080,553469.1166722964,4183444.8404557887,0,-1.0700000524520874,true,four-finite-non-nodata-pixelisarea-neighbours,false,false,water-or-outside,1.0700000524520874
hero-16m-14-22,hero-16m,2368,2080,553485.1264947553,4183444.9444800215,0,-1.0700000524520874,true,four-finite-non-nodata-pixelisarea-neighbours,false,false,water-or-outside,1.0700000524520874
hero-16m-15-22,hero-16m,2384,2080,553501.1363173496,4183445.0485353996,0,-1.0700000524520874,true,four-finite-non-nodata-pixelisarea-neighbours,false,false,water-or-outside,1.0700000524520874
hero-16m-16-22,hero-16m,2400,2080,553517.1461400817,4183445.1526219235,0,-1.0700000524520874,true,four-finite-non-nodata-pixelisarea-neighbours,false,false,water-or-outside,1.0700000524520874
hero-16m-17-22,hero-16m,2416,2080,553533.1559629469,4183445.256739592,0,-1.0700000524520874,true,four-finite-non-nodata-pixelisarea-neighbours,false,false,water-or-outside,1.0700000524520874
hero-16m-18-22,hero-16m,2432,2080,553549.1657859478,4183445.3608884066,0,-1.0700000524520874,true,four-finite-non-nodata-pixelisarea-neighbours,false,false,water-or-outside,1.0700000524520874
hero-16m-19-22,hero-16m,2448,2080,553565.1756090865,4183445.465068367,0,-1.0700000524520874,true,four-finite-non-nodata-pixelisarea-neighbours,false,false,water-or-outside,1.0700000524520874
hero-16m-20-22,hero-16m,2464,2080,553581.1854323585,4183445.569279472,0,-1.0700000524520874,true,four-finite-non-nodata-pixelisarea-neighbours,false,false,water-or-outside,1.0700000524520874
hero-16m-21-22,hero-16m,2480,2080,553597.1952557663,4183445.673521723,0,-1.0700000524520874,true,four-finite-non-nodata-pixelisarea-neighbours,false,false,water-or-outside,1.0700000524520874
hero-16m-22-22,hero-16m,2496,2080,553613.2050793099,4183445.777795119,0,-1.0700000524520874,true,four-finite-non-nodata-pixelisarea-neighbours,false,false,water-or-outside,1.0700000524520874
hero-16m-23-22,hero-16m,2512,2080,553629.2149029913,4183445.8820996606,0,-1.0700000524520874,true,four-finite-non-nodata-pixelisarea-neighbours,false,false,water-or-outside,1.0700000524520874
hero-16m-24-22,hero-16m,2528,2080,553645.2247268064,4183445.986435348,0,-1.0700000524520874,true,four-finite-non-nodata-pixelisarea-neighbours,false,false,water-or-outside,1.0700000524520874
hero-16m-0-23,hero-16m,2144,2096,553260.8851003516,4183459.5453522345,-0.5180302281876714,3.6721499593043263,true,four-finite-non-nodata-pixelisarea-neighbours,true,true,land,-4.190180187491998
hero-16m-1-23,hero-16m,2160,2096,553276.8948898214,4183459.6489717127,-0.4695080719817032,3.8955863231161736,true,four-finite-non-nodata-pixelisarea-neighbours,true,true,land,-4.365094395097877
hero-16m-2-23,hero-16m,2176,2096,553292.9046794284,4183459.752622336,-0.37519439344258676,3.7157863009131757,true,four-finite-non-nodata-pixelisarea-neighbours,true,true,land,-4.090980694355762
hero-16m-3-23,hero-16m,2192,2096,553308.914469168,4183459.8563041054,-0.24665352248712225,3.6622012112369626,true,four-finite-non-nodata-pixelisarea-neighbours,true,true,land,-3.908854733724085
hero-16m-4-23,hero-16m,2208,2096,553324.9242590449,4183459.9600170194,-0.13242643594954168,-1.0700000524520874,true,four-finite-non-nodata-pixelisarea-neighbours,false,false,water-or-outside,0.9375736165025457
hero-16m-5-23,hero-16m,2224,2096,553340.9340490523,4183460.063761079,-0.030194249755464364,-1.0700000524520874,true,four-finite-non-nodata-pixelisarea-neighbours,false,false,water-or-outside,1.039805802696623
hero-16m-6-23,hero-16m,2240,2096,553356.9438391993,4183460.1675362843,-0.010605866227109266,-1.0700000524520874,true,four-finite-non-nodata-pixelisarea-neighbours,false,false,water-or-outside,1.059394186224978
hero-16m-7-23,hero-16m,2256,2096,553372.953629479,4183460.271342635,0,-1.0700000524520874,true,four-finite-non-nodata-pixelisarea-neighbours,false,false,water-or-outside,1.0700000524520874
hero-16m-8-23,hero-16m,2272,2096,553388.963419894,4183460.375180131,0,-1.0700000524520874,true,four-finite-non-nodata-pixelisarea-neighbours,false,false,water-or-outside,1.0700000524520874
hero-16m-9-23,hero-16m,2288,2096,553404.9732104464,4183460.4790487727,0,-1.0700000524520874,true,four-finite-non-nodata-pixelisarea-neighbours,false,false,water-or-outside,1.0700000524520874
hero-16m-10-23,hero-16m,2304,2096,553420.9830011319,4183460.5829485594,0,-1.0700000524520874,true,four-finite-non-nodata-pixelisarea-neighbours,false,false,water-or-outside,1.0700000524520874
hero-16m-11-23,hero-16m,2320,2096,553436.9927919526,4183460.686879492,0,-1.0700000524520874,true,four-finite-non-nodata-pixelisarea-neighbours,false,false,water-or-outside,1.0700000524520874
hero-16m-12-23,hero-16m,2336,2096,553453.0025829107,4183460.7908415697,0,-1.0700000524520874,true,four-finite-non-nodata-pixelisarea-neighbours,false,false,water-or-outside,1.0700000524520874
hero-16m-13-23,hero-16m,2352,2096,553469.012374002,4183460.894834793,0,-1.0700000524520874,true,four-finite-non-nodata-pixelisarea-neighbours,false,false,water-or-outside,1.0700000524520874
hero-16m-14-23,hero-16m,2368,2096,553485.0221652288,4183460.998859162,0,-1.0700000524520874,true,four-finite-non-nodata-pixelisarea-neighbours,false,false,water-or-outside,1.0700000524520874
hero-16m-15-23,hero-16m,2384,2096,553501.031956591,4183461.1029146756,0,-1.0700000524520874,true,four-finite-non-nodata-pixelisarea-neighbours,false,false,water-or-outside,1.0700000524520874
hero-16m-16-23,hero-16m,2400,2096,553517.0417480909,4183461.207001335,0,-1.0700000524520874,true,four-finite-non-nodata-pixelisarea-neighbours,false,false,water-or-outside,1.0700000524520874
hero-16m-17-23,hero-16m,2416,2096,553533.051539724,4183461.31111914,0,-1.0700000524520874,true,four-finite-non-nodata-pixelisarea-neighbours,false,false,water-or-outside,1.0700000524520874
hero-16m-18-23,hero-16m,2432,2096,553549.0613314927,4183461.415268091,0,-1.0700000524520874,true,four-finite-non-nodata-pixelisarea-neighbours,false,false,water-or-outside,1.0700000524520874
hero-16m-19-23,hero-16m,2448,2096,553565.0711233992,4183461.5194481867,0,-1.0700000524520874,true,four-finite-non-nodata-pixelisarea-neighbours,false,false,water-or-outside,1.0700000524520874
hero-16m-20-23,hero-16m,2464,2096,553581.0809154392,4183461.6236594277,0,-1.0700000524520874,true,four-finite-non-nodata-pixelisarea-neighbours,false,false,water-or-outside,1.0700000524520874
hero-16m-21-23,hero-16m,2480,2096,553597.0907076148,4183461.727901815,0,-1.0700000524520874,true,four-finite-non-nodata-pixelisarea-neighbours,false,false,water-or-outside,1.0700000524520874
hero-16m-22-23,hero-16m,2496,2096,553613.1004999261,4183461.8321753475,0,-1.0700000524520874,true,four-finite-non-nodata-pixelisarea-neighbours,false,false,water-or-outside,1.0700000524520874
hero-16m-23-23,hero-16m,2512,2096,553629.1102923754,4183461.9364800253,0,-1.0700000524520874,true,four-finite-non-nodata-pixelisarea-neighbours,false,false,water-or-outside,1.0700000524520874
hero-16m-24-23,hero-16m,2528,2096,553645.1200849583,4183462.0408158484,0,-1.0700000524520874,true,four-finite-non-nodata-pixelisarea-neighbours,false,false,water-or-outside,1.0700000524520874
hero-16m-0-24,hero-16m,2144,2112,553260.781207734,4183475.5997298667,-0.41932507613827036,3.714190740022241,true,four-finite-non-nodata-pixelisarea-neighbours,true,true,land,-4.133515816160512
hero-16m-1-24,hero-16m,2160,2112,553276.7909659715,4183475.70334948,-0.3257417315645415,3.7399158546827165,true,four-finite-non-nodata-pixelisarea-neighbours,true,true,land,-4.065657586247258
hero-16m-2-24,hero-16m,2176,2112,553292.8007243463,4183475.807000239,-0.21891936584570307,3.745982952082091,true,four-finite-non-nodata-pixelisarea-neighbours,true,true,land,-3.9649023179277942
hero-16m-3-24,hero-16m,2192,2112,553308.8104828538,4183475.910682143,-0.11209700012685518,3.7344915135729173,true,four-finite-non-nodata-pixelisarea-neighbours,true,true,land,-3.8465885136997726
hero-16m-4-24,hero-16m,2208,2112,553324.8202414984,4183476.014395193,-0.041935402472541274,3.7717479366512103,true,four-finite-non-nodata-pixelisarea-neighbours,true,true,land,-3.8136833391237515
hero-16m-5-24,hero-16m,2224,2112,553340.8300002735,4183476.1181393885,0,-1.0700000524520874,true,four-finite-non-nodata-pixelisarea-neighbours,false,false,water-or-outside,1.0700000524520874
hero-16m-6-24,hero-16m,2240,2112,553356.8397591884,4183476.221914729,0,-1.0700000524520874,true,four-finite-non-nodata-pixelisarea-neighbours,false,false,water-or-outside,1.0700000524520874
hero-16m-7-24,hero-16m,2256,2112,553372.8495182359,4183476.325721215,0,-1.0700000524520874,true,four-finite-non-nodata-pixelisarea-neighbours,true,true,land,1.0700000524520874
hero-16m-8-24,hero-16m,2272,2112,553388.8592774187,4183476.4295588466,0,-1.0700000524520874,true,four-finite-non-nodata-pixelisarea-neighbours,false,false,water-or-outside,1.0700000524520874
hero-16m-9-24,hero-16m,2288,2112,553404.8690367389,4183476.5334276236,0,-1.0700000524520874,true,four-finite-non-nodata-pixelisarea-neighbours,false,false,water-or-outside,1.0700000524520874
hero-16m-10-24,hero-16m,2304,2112,553420.878796192,4183476.6373275463,0,-1.0700000524520874,true,four-finite-non-nodata-pixelisarea-neighbours,false,false,water-or-outside,1.0700000524520874
hero-16m-11-24,hero-16m,2320,2112,553436.8885557805,4183476.741258614,0,-1.0700000524520874,true,four-finite-non-nodata-pixelisarea-neighbours,false,false,water-or-outside,1.0700000524520874
hero-16m-12-24,hero-16m,2336,2112,553452.8983155065,4183476.845220828,0,-1.0700000524520874,true,four-finite-non-nodata-pixelisarea-neighbours,false,false,water-or-outside,1.0700000524520874
hero-16m-13-24,hero-16m,2352,2112,553468.9080753656,4183476.9492141865,0,-1.0700000524520874,true,four-finite-non-nodata-pixelisarea-neighbours,false,false,water-or-outside,1.0700000524520874
hero-16m-14-24,hero-16m,2368,2112,553484.91783536,4183477.0532386913,0,-1.0700000524520874,true,four-finite-non-nodata-pixelisarea-neighbours,false,false,water-or-outside,1.0700000524520874
hero-16m-15-24,hero-16m,2384,2112,553500.92759549,4183477.157294341,0,-1.0700000524520874,true,four-finite-non-nodata-pixelisarea-neighbours,false,false,water-or-outside,1.0700000524520874
hero-16m-16-24,hero-16m,2400,2112,553516.9373557576,4183477.2613811367,0,-1.0700000524520874,true,four-finite-non-nodata-pixelisarea-neighbours,false,false,water-or-outside,1.0700000524520874
hero-16m-17-24,hero-16m,2416,2112,553532.9471161584,4183477.3654990774,0,-1.0700000524520874,true,four-finite-non-nodata-pixelisarea-neighbours,false,false,water-or-outside,1.0700000524520874
hero-16m-18-24,hero-16m,2432,2112,553548.9568766949,4183477.469648164,0,-1.0700000524520874,true,four-finite-non-nodata-pixelisarea-neighbours,false,false,water-or-outside,1.0700000524520874
hero-16m-19-24,hero-16m,2448,2112,553564.9666373692,4183477.573828396,0,-1.0700000524520874,true,four-finite-non-nodata-pixelisarea-neighbours,false,false,water-or-outside,1.0700000524520874
hero-16m-20-24,hero-16m,2464,2112,553580.9763981769,4183477.6780397734,0,-1.0700000524520874,true,four-finite-non-nodata-pixelisarea-neighbours,false,false,water-or-outside,1.0700000524520874
hero-16m-21-24,hero-16m,2480,2112,553596.9861591202,4183477.7822822966,0,-1.0700000524520874,true,four-finite-non-nodata-pixelisarea-neighbours,false,false,water-or-outside,1.0700000524520874
hero-16m-22-24,hero-16m,2496,2112,553612.9959201993,4183477.886555965,0,-1.0700000524520874,true,four-finite-non-nodata-pixelisarea-neighbours,false,false,water-or-outside,1.0700000524520874
hero-16m-23-24,hero-16m,2512,2112,553629.0056814164,4183477.990860779,0,-1.0700000524520874,true,four-finite-non-nodata-pixelisarea-neighbours,false,false,water-or-outside,1.0700000524520874
hero-16m-24-24,hero-16m,2528,2112,553645.015442767,4183478.0951967384,0,-1.0700000524520874,true,four-finite-non-nodata-pixelisarea-neighbours,false,false,water-or-outside,1.0700000524520874
